-- MySQL dump 10.13  Distrib 8.0.38, for Win64 (x86_64)
--
-- Host: localhost    Database: openworld
-- ------------------------------------------------------
-- Server version	8.0.38

/*!40101 SET @OLD_CHARACTER_SET_CLIENT=@@CHARACTER_SET_CLIENT */;
/*!40101 SET @OLD_CHARACTER_SET_RESULTS=@@CHARACTER_SET_RESULTS */;
/*!40101 SET @OLD_COLLATION_CONNECTION=@@COLLATION_CONNECTION */;
/*!50503 SET NAMES utf8 */;
/*!40103 SET @OLD_TIME_ZONE=@@TIME_ZONE */;
/*!40103 SET TIME_ZONE='+00:00' */;
/*!40014 SET @OLD_UNIQUE_CHECKS=@@UNIQUE_CHECKS, UNIQUE_CHECKS=0 */;
/*!40014 SET @OLD_FOREIGN_KEY_CHECKS=@@FOREIGN_KEY_CHECKS, FOREIGN_KEY_CHECKS=0 */;
/*!40101 SET @OLD_SQL_MODE=@@SQL_MODE, SQL_MODE='NO_AUTO_VALUE_ON_ZERO' */;
/*!40111 SET @OLD_SQL_NOTES=@@SQL_NOTES, SQL_NOTES=0 */;

--
-- Table structure for table `favorites`
--

DROP TABLE IF EXISTS `favorites`;
/*!40101 SET @saved_cs_client     = @@character_set_client */;
/*!50503 SET character_set_client = utf8mb4 */;
CREATE TABLE `favorites` (
  `id` int NOT NULL AUTO_INCREMENT,
  `user_id` int DEFAULT NULL,
  `place_id` int DEFAULT NULL,
  PRIMARY KEY (`id`),
  KEY `user_id` (`user_id`),
  KEY `place_id` (`place_id`),
  CONSTRAINT `favorites_ibfk_1` FOREIGN KEY (`user_id`) REFERENCES `users` (`id`),
  CONSTRAINT `favorites_ibfk_2` FOREIGN KEY (`place_id`) REFERENCES `places` (`id`)
) ENGINE=InnoDB DEFAULT CHARSET=utf8mb4 COLLATE=utf8mb4_0900_ai_ci;
/*!40101 SET character_set_client = @saved_cs_client */;

--
-- Dumping data for table `favorites`
--

/*!40000 ALTER TABLE `favorites` DISABLE KEYS */;
/*!40000 ALTER TABLE `favorites` ENABLE KEYS */;

--
-- Table structure for table `photos`
--

DROP TABLE IF EXISTS `photos`;
/*!40101 SET @saved_cs_client     = @@character_set_client */;
/*!50503 SET character_set_client = utf8mb4 */;
CREATE TABLE `photos` (
  `id` int NOT NULL AUTO_INCREMENT,
  `place_id` int DEFAULT NULL,
  `photo_url` varchar(255) DEFAULT NULL,
  PRIMARY KEY (`id`),
  KEY `place_id` (`place_id`),
  CONSTRAINT `photos_ibfk_1` FOREIGN KEY (`place_id`) REFERENCES `places` (`id`)
) ENGINE=InnoDB AUTO_INCREMENT=579 DEFAULT CHARSET=utf8mb4 COLLATE=utf8mb4_0900_ai_ci;
/*!40101 SET character_set_client = @saved_cs_client */;

--
-- Dumping data for table `photos`
--

/*!40000 ALTER TABLE `photos` DISABLE KEYS */;
INSERT INTO `photos` VALUES (1,1,'D:/sql_photos/Hyatt_Regency_Bishkek_1.jpg'),(2,1,'D:/sql_photos/Hyatt_Regency_Bishkek_2.jpg'),(3,1,'D:/sql_photos/Hyatt_Regency_Bishkek_3.jpg'),(4,1,'D:/sql_photos/Hyatt_Regency_Bishkek_4.jpg'),(5,1,'D:/sql_photos/Hyatt_Regency_Bishkek_5.jpg'),(6,2,'D:/sql_photos/Orion_Hotel_Bishkek_6.jpg'),(7,2,'D:/sql_photos/Orion_Hotel_Bishkek_7.jpg'),(8,2,'D:/sql_photos/Orion_Hotel_Bishkek_8.jpg'),(9,3,'D:/sql_photos/Plaza_Hotel_Bishkek_9.jpg'),(10,3,'D:/sql_photos/Plaza_Hotel_Bishkek_10.jpg'),(11,3,'D:/sql_photos/Plaza_Hotel_Bishkek_11.jpg'),(12,4,'D:/sql_photos/Jannat_Regency_Hotel_12.jpg'),(13,4,'D:/sql_photos/Jannat_Regency_Hotel_13.jpg'),(14,4,'D:/sql_photos/Jannat_Regency_Hotel_14.jpg'),(15,4,'D:/sql_photos/Jannat_Regency_Hotel_15.jpg'),(16,5,'D:/sql_photos/Golden_Dragon_Hotel_16.jpg'),(17,5,'D:/sql_photos/Golden_Dragon_Hotel_17.jpg'),(18,5,'D:/sql_photos/Golden_Dragon_Hotel_18.jpg'),(19,5,'D:/sql_photos/Golden_Dragon_Hotel_19.jpg'),(20,6,'D:/sql_photos/Park_Hotel_Bishkek_20.jpg'),(21,6,'D:/sql_photos/Park_Hotel_Bishkek_21.jpg'),(22,6,'D:/sql_photos/Park_Hotel_Bishkek_22.jpg'),(23,7,'D:/sql_photos/Solutel_Hotel_23.jpg'),(24,7,'D:/sql_photos/Solutel_Hotel_24.jpg'),(25,7,'D:/sql_photos/Solutel_Hotel_25.jpg'),(26,8,'D:/sql_photos/Damas_International_Hotel_26.jpg'),(27,8,'D:/sql_photos/Damas_International_Hotel_27.jpg'),(28,8,'D:/sql_photos/Damas_International_Hotel_28.jpg'),(29,8,'D:/sql_photos/Damas_International_Hotel_29.jpg'),(30,9,'D:/sql_photos/Discovery_Hotel_Bishkek_30.jpg'),(31,9,'D:/sql_photos/Discovery_Hotel_Bishkek_31.jpg'),(32,10,'D:/sql_photos/My_Hotel_Bishkek_32.jpg'),(33,10,'D:/sql_photos/My_Hotel_Bishkek_33.jpg'),(34,10,'D:/sql_photos/My_Hotel_Bishkek_34.jpg'),(35,11,'D:/sql_photos/Park_Panfilova_35.jpg'),(36,11,'D:/sql_photos/Park_Panfilova_36.jpg'),(37,11,'D:/sql_photos/Park_Panfilova_37.jpg'),(38,11,'D:/sql_photos/Park_Panfilova_38.jpg'),(39,11,'D:/sql_photos/Park_Panfilova_39.jpg'),(40,11,'D:/sql_photos/Park_Panfilova_40.jpg'),(41,11,'D:/sql_photos/Park_Panfilova_41.jpg'),(42,12,'D:/sql_photos/Bul_var_Erkindik_42.jpg'),(43,12,'D:/sql_photos/Bul_var_Erkindik_43.jpg'),(44,12,'D:/sql_photos/Bul_var_Erkindik_44.jpg'),(45,12,'D:/sql_photos/Bul_var_Erkindik_45.jpg'),(46,12,'D:/sql_photos/Bul_var_Erkindik_46.jpg'),(47,13,'D:/sql_photos/Park_Yntymak_47.jpg'),(48,13,'D:/sql_photos/Park_Yntymak_48.jpg'),(49,13,'D:/sql_photos/Park_Yntymak_49.jpg'),(50,13,'D:/sql_photos/Park_Yntymak_50.jpg'),(51,13,'D:/sql_photos/Park_Yntymak_51.jpg'),(52,13,'D:/sql_photos/Park_Yntymak_52.jpg'),(53,14,'D:/sql_photos/Park_imeni_Kemalia_Atatiurka_53.jpg'),(54,14,'D:/sql_photos/Park_imeni_Kemalia_Atatiurka_54.jpg'),(55,14,'D:/sql_photos/Park_imeni_Kemalia_Atatiurka_55.jpg'),(56,14,'D:/sql_photos/Park_imeni_Kemalia_Atatiurka_56.jpg'),(57,15,'D:/sql_photos/Park_druzhby_Kyrgyzstana_i_Iuzhnoi_Korei_57.jpg'),(58,15,'D:/sql_photos/Park_druzhby_Kyrgyzstana_i_Iuzhnoi_Korei_58.jpg'),(59,15,'D:/sql_photos/Park_druzhby_Kyrgyzstana_i_Iuzhnoi_Korei_59.jpg'),(60,16,'D:/sql_photos/Park_druzhby_Kyrgyzstana_i_Azerbaidzhana_60.jpg'),(61,16,'D:/sql_photos/Park_druzhby_Kyrgyzstana_i_Azerbaidzhana_61.jpg'),(62,16,'D:/sql_photos/Park_druzhby_Kyrgyzstana_i_Azerbaidzhana_62.jpg'),(63,16,'D:/sql_photos/Park_druzhby_Kyrgyzstana_i_Azerbaidzhana_63.jpg'),(64,17,'D:/sql_photos/Park_Pobedy_64.jpg'),(65,17,'D:/sql_photos/Park_Pobedy_65.jpg'),(66,17,'D:/sql_photos/Park_Pobedy_66.jpg'),(67,17,'D:/sql_photos/Park_Pobedy_67.jpg'),(68,18,'D:/sql_photos/Botanicheskii_sad_imeni_E_Z__Gareeva_68.jpg'),(69,18,'D:/sql_photos/Botanicheskii_sad_imeni_E_Z__Gareeva_69.jpg'),(70,18,'D:/sql_photos/Botanicheskii_sad_imeni_E_Z__Gareeva_70.jpg'),(71,18,'D:/sql_photos/Botanicheskii_sad_imeni_E_Z__Gareeva_71.jpg'),(72,19,'D:/sql_photos/Park_Orekhovaia_roshcha_72.jpg'),(73,19,'D:/sql_photos/Park_Orekhovaia_roshcha_73.jpg'),(74,19,'D:/sql_photos/Park_Orekhovaia_roshcha_74.jpg'),(75,20,'D:/sql_photos/Park_Berezovaia_roshcha_75.jpg'),(76,20,'D:/sql_photos/Park_Berezovaia_roshcha_76.jpg'),(77,20,'D:/sql_photos/Park_Berezovaia_roshcha_77.jpg'),(78,21,'D:/sql_photos/No_Name_Bar_78.jpg'),(79,22,'D:/sql_photos/Bar_12_79.jpg'),(80,22,'D:/sql_photos/Bar_12_80.jpg'),(81,22,'D:/sql_photos/Bar_12_81.jpg'),(82,23,'D:/sql_photos/Why_Not_Bar_82.jpg'),(83,23,'D:/sql_photos/Why_Not_Bar_83.jpg'),(84,23,'D:/sql_photos/Why_Not_Bar_84.jpg'),(85,23,'D:/sql_photos/Why_Not_Bar_85.jpg'),(86,23,'D:/sql_photos/Why_Not_Bar_86.jpg'),(87,25,'D:/sql_photos/Steinbrau_Pub_87.jpg'),(88,25,'D:/sql_photos/Steinbrau_Pub_88.jpg'),(89,25,'D:/sql_photos/Steinbrau_Pub_89.jpg'),(90,25,'D:/sql_photos/Steinbrau_Pub_90.jpg'),(91,26,'D:/sql_photos/Pinta_Pub_91.jpg'),(92,26,'D:/sql_photos/Pinta_Pub_92.jpg'),(93,26,'D:/sql_photos/Pinta_Pub_93.jpg'),(94,26,'D:/sql_photos/Pinta_Pub_94.jpg'),(95,26,'D:/sql_photos/Pinta_Pub_95.jpg'),(96,27,'D:/sql_photos/Metro_Pub_96.jpg'),(97,27,'D:/sql_photos/Metro_Pub_97.jpg'),(98,27,'D:/sql_photos/Metro_Pub_98.jpg'),(99,27,'D:/sql_photos/Metro_Pub_99.jpg'),(100,27,'D:/sql_photos/Metro_Pub_100.jpg'),(101,28,'D:/sql_photos/Center_Bar_101.jpg'),(102,29,'D:/sql_photos/Holy_Cow_Bar_102.jpg'),(103,29,'D:/sql_photos/Holy_Cow_Bar_103.jpg'),(104,29,'D:/sql_photos/Holy_Cow_Bar_104.jpg'),(105,29,'D:/sql_photos/Holy_Cow_Bar_105.jpg'),(106,30,'D:/sql_photos/Python_Bar_Coffee_106.jpg'),(107,30,'D:/sql_photos/Python_Bar_Coffee_107.jpg'),(108,30,'D:/sql_photos/Python_Bar_Coffee_108.jpg'),(109,31,'D:/sql_photos/Craft_Bar_109.jpg'),(110,31,'D:/sql_photos/Craft_Bar_110.jpg'),(111,32,'D:/sql_photos/Harat_s_pub_111.jpg'),(112,32,'D:/sql_photos/Harat_s_pub_112.jpg'),(113,32,'D:/sql_photos/Harat_s_pub_113.jpg'),(114,33,'D:/sql_photos/Munchen_Pub_114.jpg'),(115,33,'D:/sql_photos/Munchen_Pub_115.jpg'),(116,33,'D:/sql_photos/Munchen_Pub_116.jpg'),(117,34,'D:/sql_photos/LiveBar_117.jpg'),(118,35,'D:/sql_photos/Bono_118.jpg'),(119,35,'D:/sql_photos/Bono_119.jpg'),(120,35,'D:/sql_photos/Bono_120.jpg'),(121,36,'D:/sql_photos/Vintazh_121.jpg'),(122,36,'D:/sql_photos/Vintazh_122.jpg'),(123,36,'D:/sql_photos/Vintazh_123.jpg'),(124,37,'D:/sql_photos/Suzie_Wong_124.jpg'),(125,37,'D:/sql_photos/Suzie_Wong_125.jpg'),(126,37,'D:/sql_photos/Suzie_Wong_126.jpg'),(127,38,'D:/sql_photos/Seven_127.jpg'),(128,38,'D:/sql_photos/Seven_128.jpg'),(129,38,'D:/sql_photos/Seven_129.jpg'),(130,39,'D:/sql_photos/Kimpab_130.jpg'),(131,39,'D:/sql_photos/Kimpab_131.jpg'),(132,39,'D:/sql_photos/Kimpab_132.jpg'),(133,40,'D:/sql_photos/Miata_133.jpg'),(134,40,'D:/sql_photos/Miata_134.jpg'),(135,40,'D:/sql_photos/Miata_135.jpg'),(136,41,'D:/sql_photos/Coyote_136.jpg'),(137,41,'D:/sql_photos/Coyote_137.jpg'),(138,41,'D:/sql_photos/Coyote_138.jpg'),(139,42,'D:/sql_photos/Good_Spirits_139.jpg'),(140,42,'D:/sql_photos/Good_Spirits_140.jpg'),(141,42,'D:/sql_photos/Good_Spirits_141.jpg'),(142,43,'D:/sql_photos/Season_Bar_142.jpg'),(143,43,'D:/sql_photos/Season_Bar_143.jpg'),(144,43,'D:/sql_photos/Season_Bar_144.jpg'),(145,44,'D:/sql_photos/Easy_bar_145.jpg'),(146,44,'D:/sql_photos/Easy_bar_146.jpg'),(147,44,'D:/sql_photos/Easy_bar_147.jpg'),(148,45,'D:/sql_photos/BBC_148.jpg'),(149,45,'D:/sql_photos/BBC_149.jpg'),(150,45,'D:/sql_photos/BBC_150.jpg'),(156,46,'D:/sql_photos/Kipish_156.jpg'),(157,46,'D:/sql_photos/Kipish_157.jpg'),(158,46,'D:/sql_photos/Kipish_158.jpg'),(159,47,'D:/sql_photos/Ala_Archa_159.jpg'),(160,47,'D:/sql_photos/Ala_Archa_160.jpg'),(161,47,'D:/sql_photos/Ala_Archa_161.jpg'),(162,48,'D:/sql_photos/Altyn_Arashan_162.jpg'),(163,48,'D:/sql_photos/Altyn_Arashan_163.jpg'),(164,48,'D:/sql_photos/Altyn_Arashan_164.jpg'),(165,49,'D:/sql_photos/Chon_Kyzyl_Suu_165.jpg'),(166,49,'D:/sql_photos/Chon_Kyzyl_Suu_166.jpg'),(167,49,'D:/sql_photos/Chon_Kyzyl_Suu_167.jpg'),(168,50,'D:/sql_photos/Dzheti_Oguz_168.jpg'),(169,50,'D:/sql_photos/Dzheti_Oguz_169.jpg'),(170,50,'D:/sql_photos/Dzheti_Oguz_170.jpg'),(171,51,'D:/sql_photos/Karakol_skoe_ushchel_e_171.jpg'),(172,51,'D:/sql_photos/Karakol_skoe_ushchel_e_172.jpg'),(173,51,'D:/sql_photos/Karakol_skoe_ushchel_e_173.jpg'),(174,52,'D:/sql_photos/Dodo_Pizza_174.jpg'),(175,52,'D:/sql_photos/Dodo_Pizza_175.jpg'),(176,52,'D:/sql_photos/Dodo_Pizza_176.jpg'),(177,52,'D:/sql_photos/Dodo_Pizza_177.jpg'),(178,52,'D:/sql_photos/Dodo_Pizza_178.jpg'),(179,52,'D:/sql_photos/Dodo_Pizza_179.jpg'),(180,53,'D:/sql_photos/Papa_Johns_180.jpg'),(181,53,'D:/sql_photos/Papa_Johns_181.jpg'),(182,53,'D:/sql_photos/Papa_Johns_182.jpg'),(183,53,'D:/sql_photos/Papa_Johns_183.jpg'),(184,54,'D:/sql_photos/Dolce_Vita_184.jpg'),(185,54,'D:/sql_photos/Dolce_Vita_185.jpg'),(186,54,'D:/sql_photos/Dolce_Vita_186.jpg'),(187,54,'D:/sql_photos/Dolce_Vita_187.jpg'),(188,55,'D:/sql_photos/Imperiia_Pitstsy_188.jpg'),(189,55,'D:/sql_photos/Imperiia_Pitstsy_189.jpg'),(190,55,'D:/sql_photos/Imperiia_Pitstsy_190.jpg'),(191,55,'D:/sql_photos/Imperiia_Pitstsy_191.jpg'),(192,56,'D:/sql_photos/Capito_192.jpg'),(193,56,'D:/sql_photos/Capito_193.jpg'),(194,56,'D:/sql_photos/Capito_194.jpg'),(195,56,'D:/sql_photos/Capito_195.jpg'),(196,57,'D:/sql_photos/Ants_196.jpg'),(197,57,'D:/sql_photos/Ants_197.jpg'),(198,57,'D:/sql_photos/Ants_198.jpg'),(199,57,'D:/sql_photos/Ants_199.jpg'),(200,57,'D:/sql_photos/Ants_200.jpg'),(201,57,'D:/sql_photos/Ants_201.jpg'),(202,58,'D:/sql_photos/Tsiklon_202.jpg'),(203,58,'D:/sql_photos/Tsiklon_203.jpg'),(204,58,'D:/sql_photos/Tsiklon_204.jpg'),(205,58,'D:/sql_photos/Tsiklon_205.jpg'),(206,58,'D:/sql_photos/Tsiklon_206.jpg'),(207,59,'D:/sql_photos/Na_Pizza_207.jpg'),(208,59,'D:/sql_photos/Na_Pizza_208.jpg'),(209,59,'D:/sql_photos/Na_Pizza_209.jpg'),(210,59,'D:/sql_photos/Na_Pizza_210.jpg'),(211,59,'D:/sql_photos/Na_Pizza_211.jpg'),(212,60,'D:/sql_photos/Social_Pizza_212.jpg'),(213,60,'D:/sql_photos/Social_Pizza_213.jpg'),(214,60,'D:/sql_photos/Social_Pizza_214.jpg'),(215,61,'D:/sql_photos/Gogol__215.jpg'),(216,61,'D:/sql_photos/Gogol__216.jpg'),(217,62,'D:/sql_photos/TsUM_Aichurok_217.jpg'),(218,62,'D:/sql_photos/TsUM_Aichurok_218.jpg'),(219,62,'D:/sql_photos/TsUM_Aichurok_219.jpg'),(220,62,'D:/sql_photos/TsUM_Aichurok_220.jpg'),(221,63,'D:/sql_photos/Dordoi_Plaza_221.jpg'),(222,63,'D:/sql_photos/Dordoi_Plaza_222.jpg'),(223,63,'D:/sql_photos/Dordoi_Plaza_223.jpg'),(224,63,'D:/sql_photos/Dordoi_Plaza_224.jpg'),(225,63,'D:/sql_photos/Dordoi_Plaza_225.jpg'),(226,63,'D:/sql_photos/Dordoi_Plaza_226.jpg'),(227,64,'D:/sql_photos/GUM_Chynar_227.jpg'),(228,64,'D:/sql_photos/GUM_Chynar_228.jpg'),(229,64,'D:/sql_photos/GUM_Chynar_229.jpg'),(230,65,'D:/sql_photos/Bishkek_City_230.jpg'),(231,65,'D:/sql_photos/Bishkek_City_231.jpg'),(232,66,'D:/sql_photos/Red_tsentr_232.jpg'),(233,67,'D:/sql_photos/Moto_233.jpg'),(234,67,'D:/sql_photos/Moto_234.jpg'),(235,67,'D:/sql_photos/Moto_235.jpg'),(236,67,'D:/sql_photos/Moto_236.jpg'),(237,68,'D:/sql_photos/Mega_Komfort_237.jpg'),(238,68,'D:/sql_photos/Mega_Komfort_238.jpg'),(239,69,'D:/sql_photos/Chinese_Market_Goin_239.jpg'),(240,69,'D:/sql_photos/Chinese_Market_Goin_240.jpg'),(241,70,'D:/sql_photos/Detskii_Mir_241.jpg'),(242,70,'D:/sql_photos/Detskii_Mir_242.jpg'),(243,70,'D:/sql_photos/Detskii_Mir_243.jpg'),(244,72,'net_foto'),(245,72,'D:/sql_photos/1000_melochei_245.jpg'),(246,74,'D:/sql_photos/Tiul_pan_246.jpg'),(247,75,'D:/sql_photos/Dom_Torgovli_247.jpg'),(248,75,'D:/sql_photos/Dom_Torgovli_248.jpg'),(249,77,'D:/sql_photos/Tashrabat_249.jpg'),(250,77,'D:/sql_photos/Tashrabat_250.jpg'),(251,77,'D:/sql_photos/Tashrabat_251.jpg'),(252,77,'D:/sql_photos/Tashrabat_252.jpg'),(253,78,'D:/sql_photos/CosmoPark_253.jpg'),(254,78,'D:/sql_photos/CosmoPark_254.jpg'),(255,78,'D:/sql_photos/CosmoPark_255.jpg'),(256,78,'D:/sql_photos/CosmoPark_256.jpg'),(257,78,'D:/sql_photos/CosmoPark_257.jpg'),(258,79,'D:/sql_photos/BetaStories_258.jpg'),(259,79,'D:/sql_photos/BetaStories_259.jpg'),(260,79,'D:/sql_photos/BetaStories_260.jpg'),(261,80,'D:/sql_photos/Vesna_261.jpg'),(262,81,'D:/sql_photos/Muzei_velikoi_pustoty_262.jpg'),(263,81,'D:/sql_photos/Muzei_velikoi_pustoty_263.jpg'),(264,81,'D:/sql_photos/Muzei_velikoi_pustoty_264.jpg'),(265,81,'D:/sql_photos/Muzei_velikoi_pustoty_265.jpg'),(266,82,'D:/sql_photos/Natsional_nyi_istoricheskii_muzei_266.jpg'),(267,82,'D:/sql_photos/Natsional_nyi_istoricheskii_muzei_267.jpg'),(268,82,'D:/sql_photos/Natsional_nyi_istoricheskii_muzei_268.jpg'),(269,82,'D:/sql_photos/Natsional_nyi_istoricheskii_muzei_269.jpg'),(270,83,'D:/sql_photos/Muzei_im__G__Aitieva_270.jpg'),(271,83,'D:/sql_photos/Muzei_im__G__Aitieva_271.jpg'),(272,83,'D:/sql_photos/Muzei_im__G__Aitieva_272.jpg'),(273,83,'D:/sql_photos/Muzei_im__G__Aitieva_273.jpg'),(274,84,'D:/sql_photos/Memorial_nyi_Dom_muzei_M_V_Frunze_274.jpg'),(275,85,'D:/sql_photos/Dom_muzei_Chyngyza_Aitmatova_275.jpg'),(276,85,'D:/sql_photos/Dom_muzei_Chyngyza_Aitmatova_276.jpg'),(277,85,'D:/sql_photos/Dom_muzei_Chyngyza_Aitmatova_277.jpg'),(278,86,'D:/sql_photos/Dom_muzei_Semiona_Chuikova_278.jpg'),(279,86,'D:/sql_photos/Dom_muzei_Semiona_Chuikova_279.jpg'),(280,87,'D:/sql_photos/Muzei_skul_ptur_pod_otkrytym_nebom_280.jpg'),(281,87,'D:/sql_photos/Muzei_skul_ptur_pod_otkrytym_nebom_281.jpg'),(282,87,'D:/sql_photos/Muzei_skul_ptur_pod_otkrytym_nebom_282.jpg'),(283,87,'D:/sql_photos/Muzei_skul_ptur_pod_otkrytym_nebom_283.jpg'),(284,88,'net_foto'),(285,89,'D:/sql_photos/Sumbule_285.jpg'),(286,89,'D:/sql_photos/Sumbule_286.jpg'),(287,89,'D:/sql_photos/Sumbule_287.jpg'),(288,89,'D:/sql_photos/Sumbule_288.jpg'),(289,92,'D:/sql_photos/Beauty_SPA_289.jpg'),(290,92,'D:/sql_photos/Beauty_SPA_290.jpg'),(291,92,'D:/sql_photos/Beauty_SPA_291.jpg'),(292,92,'D:/sql_photos/Beauty_SPA_292.jpg'),(293,92,'D:/sql_photos/Beauty_SPA_293.jpg'),(294,93,'D:/sql_photos/Chakra_294.jpg'),(295,93,'D:/sql_photos/Chakra_295.jpg'),(296,93,'D:/sql_photos/Chakra_296.jpg'),(297,93,'D:/sql_photos/Chakra_297.jpg'),(298,94,'D:/sql_photos/Siam_massage_298.jpg'),(299,95,'D:/sql_photos/S_legkim_parom_299.jpg'),(300,95,'D:/sql_photos/S_legkim_parom_300.jpg'),(301,95,'D:/sql_photos/S_legkim_parom_301.jpg'),(302,95,'D:/sql_photos/S_legkim_parom_302.jpg'),(303,95,'D:/sql_photos/S_legkim_parom_303.jpg'),(304,96,'D:/sql_photos/Archa_304.jpg'),(305,96,'D:/sql_photos/Archa_305.jpg'),(306,96,'D:/sql_photos/Archa_306.jpg'),(307,96,'D:/sql_photos/Archa_307.jpg'),(308,96,'D:/sql_photos/Archa_308.jpg'),(309,97,'D:/sql_photos/Sinematika_309.jpg'),(310,97,'D:/sql_photos/Sinematika_310.jpg'),(311,97,'D:/sql_photos/Sinematika_311.jpg'),(312,97,'D:/sql_photos/Sinematika_312.jpg'),(313,98,'D:/sql_photos/Rossiia_313.jpg'),(314,98,'D:/sql_photos/Rossiia_314.jpg'),(315,99,'D:/sql_photos/Broadway_315.jpg'),(316,99,'D:/sql_photos/Broadway_316.jpg'),(317,99,'D:/sql_photos/Broadway_317.jpg'),(318,99,'D:/sql_photos/Broadway_318.jpg'),(319,100,'D:/sql_photos/Kinoteatr_Manas_319.jpg'),(320,100,'D:/sql_photos/Kinoteatr_Manas_320.jpg'),(321,100,'D:/sql_photos/Kinoteatr_Manas_321.jpg'),(322,100,'D:/sql_photos/Kinoteatr_Manas_322.jpg'),(323,101,'D:/sql_photos/IMAX_323.jpg'),(324,101,'D:/sql_photos/IMAX_324.jpg'),(325,101,'D:/sql_photos/IMAX_325.jpg'),(326,101,'D:/sql_photos/IMAX_326.jpg'),(327,102,'D:/sql_photos/Ala_Too_327.jpg'),(328,102,'D:/sql_photos/Ala_Too_328.jpg'),(329,102,'D:/sql_photos/Ala_Too_329.jpg'),(330,102,'D:/sql_photos/Ala_Too_330.jpg'),(331,103,'D:/sql_photos/Antikino_The_Story_331.jpg'),(332,104,'D:/sql_photos/Plan_B_332.jpg'),(333,104,'D:/sql_photos/Plan_B_333.jpg'),(334,105,'D:/sql_photos/Kyrgyz_kinosu_334.jpg'),(335,105,'D:/sql_photos/Kyrgyz_kinosu_335.jpg'),(336,106,'D:/sql_photos/Dasmia_Fitness_Family_336.jpg'),(337,106,'D:/sql_photos/Dasmia_Fitness_Family_337.jpg'),(338,106,'D:/sql_photos/Dasmia_Fitness_Family_338.jpg'),(339,106,'D:/sql_photos/Dasmia_Fitness_Family_339.jpg'),(340,106,'D:/sql_photos/Dasmia_Fitness_Family_340.jpg'),(341,107,'D:/sql_photos/Sport_klub_K2_341.jpg'),(342,107,'D:/sql_photos/Sport_klub_K2_342.jpg'),(343,107,'D:/sql_photos/Sport_klub_K2_343.jpg'),(344,107,'D:/sql_photos/Sport_klub_K2_344.jpg'),(345,108,'D:/sql_photos/Avangard_Sport_Club_345.jpg'),(346,108,'D:/sql_photos/Avangard_Sport_Club_346.jpg'),(347,108,'D:/sql_photos/Avangard_Sport_Club_347.jpg'),(348,108,'D:/sql_photos/Avangard_Sport_Club_348.jpg'),(349,109,'D:/sql_photos/Dvorets_sporta_imeni_Kozhomkula_349.jpg'),(350,109,'D:/sql_photos/Dvorets_sporta_imeni_Kozhomkula_350.jpg'),(351,109,'D:/sql_photos/Dvorets_sporta_imeni_Kozhomkula_351.jpg'),(352,110,'D:/sql_photos/Sportivnyi_klub_Karven_Club_352.jpg'),(353,111,'D:/sql_photos/Pul_s_Chui_353.jpg'),(354,111,'D:/sql_photos/Pul_s_Chui_354.jpg'),(355,111,'D:/sql_photos/Pul_s_Chui_355.jpg'),(356,111,'D:/sql_photos/Pul_s_Chui_356.jpg'),(357,111,'D:/sql_photos/Pul_s_Chui_357.jpg'),(358,112,'D:/sql_photos/Stadion_Spartak_imeni_Dolona_Omurzakova_358.jpg'),(359,112,'D:/sql_photos/Stadion_Spartak_imeni_Dolona_Omurzakova_359.jpg'),(360,112,'D:/sql_photos/Stadion_Spartak_imeni_Dolona_Omurzakova_360.jpg'),(361,112,'D:/sql_photos/Stadion_Spartak_imeni_Dolona_Omurzakova_361.jpg'),(362,113,'D:/sql_photos/Veloklub_Zolotye_koliosa_362.jpg'),(363,114,'D:/sql_photos/Strong_363.jpg'),(364,114,'D:/sql_photos/Strong_364.jpg'),(365,114,'D:/sql_photos/Strong_365.jpg'),(366,115,'D:/sql_photos/Dem_366.jpg'),(367,115,'D:/sql_photos/Dem_367.jpg'),(368,115,'D:/sql_photos/Dem_368.jpg'),(369,116,'D:/sql_photos/DSK_369.jpg'),(370,116,'D:/sql_photos/DSK_370.jpg'),(371,116,'D:/sql_photos/DSK_371.jpg'),(372,117,'D:/sql_photos/Fizkul_turno_ozdorovitel_nyi_kompleks_Gazprom_detiam_372.jpg'),(373,117,'D:/sql_photos/Fizkul_turno_ozdorovitel_nyi_kompleks_Gazprom_detiam_373.jpg'),(374,117,'D:/sql_photos/Fizkul_turno_ozdorovitel_nyi_kompleks_Gazprom_detiam_374.jpg'),(375,118,'D:/sql_photos/San_Siti_375.jpg'),(376,118,'D:/sql_photos/San_Siti_376.jpg'),(377,118,'D:/sql_photos/San_Siti_377.jpg'),(378,119,'D:/sql_photos/EL_Clasico_378.jpg'),(379,119,'D:/sql_photos/EL_Clasico_379.jpg'),(380,119,'D:/sql_photos/EL_Clasico_380.jpg'),(381,120,'D:/sql_photos/Fitnes_klub_Flex_381.jpg'),(382,120,'D:/sql_photos/Fitnes_klub_Flex_382.jpg'),(383,120,'D:/sql_photos/Fitnes_klub_Flex_383.jpg'),(384,120,'D:/sql_photos/Fitnes_klub_Flex_384.jpg'),(385,120,'D:/sql_photos/Fitnes_klub_Flex_385.jpg'),(386,120,'D:/sql_photos/Fitnes_klub_Flex_386.jpg'),(387,121,'D:/sql_photos/Faiza_387.jpg'),(388,121,'D:/sql_photos/Faiza_388.jpg'),(389,121,'D:/sql_photos/Faiza_389.jpg'),(390,121,'D:/sql_photos/Faiza_390.jpg'),(391,121,'D:/sql_photos/Faiza_391.jpg'),(392,121,'D:/sql_photos/Faiza_392.jpg'),(393,122,'D:/sql_photos/Navat_393.jpg'),(394,122,'D:/sql_photos/Navat_394.jpg'),(395,122,'D:/sql_photos/Navat_395.jpg'),(396,122,'D:/sql_photos/Navat_396.jpg'),(397,122,'D:/sql_photos/Navat_397.jpg'),(398,123,'D:/sql_photos/Diiar_398.jpg'),(399,123,'D:/sql_photos/Diiar_399.jpg'),(400,123,'D:/sql_photos/Diiar_400.jpg'),(401,123,'D:/sql_photos/Diiar_401.jpg'),(402,123,'D:/sql_photos/Diiar_402.jpg'),(403,123,'D:/sql_photos/Diiar_403.jpg'),(404,123,'D:/sql_photos/Diiar_404.jpg'),(405,123,'D:/sql_photos/Diiar_405.jpg'),(406,123,'D:/sql_photos/Diiar_406.jpg'),(407,124,'D:/sql_photos/Frunze_407.jpg'),(408,125,'D:/sql_photos/Muslim_fud_408.jpg'),(409,125,'D:/sql_photos/Muslim_fud_409.jpg'),(410,125,'D:/sql_photos/Muslim_fud_410.jpg'),(411,125,'D:/sql_photos/Muslim_fud_411.jpg'),(412,126,'D:/sql_photos/Navigator_412.jpg'),(413,126,'D:/sql_photos/Navigator_413.jpg'),(414,126,'D:/sql_photos/Navigator_414.jpg'),(415,127,'D:/sql_photos/Bukhara_415.jpg'),(416,127,'D:/sql_photos/Bukhara_416.jpg'),(417,127,'D:/sql_photos/Bukhara_417.jpg'),(418,128,'D:/sql_photos/Zhasmin_418.jpg'),(419,129,'D:/sql_photos/Shashlychnaia__1_419.jpg'),(420,129,'D:/sql_photos/Shashlychnaia__1_420.jpg'),(421,130,'D:/sql_photos/Koreana_421.jpg'),(422,130,'D:/sql_photos/Koreana_422.jpg'),(423,130,'D:/sql_photos/Koreana_423.jpg'),(424,130,'D:/sql_photos/Koreana_424.jpg'),(425,130,'D:/sql_photos/Koreana_425.jpg'),(426,130,'D:/sql_photos/Koreana_426.jpg'),(427,130,'D:/sql_photos/Koreana_427.jpg'),(428,131,'D:/sql_photos/Tsentr_plova_428.jpg'),(429,131,'D:/sql_photos/Tsentr_plova_429.jpg'),(430,131,'D:/sql_photos/Tsentr_plova_430.jpg'),(431,131,'D:/sql_photos/Tsentr_plova_431.jpg'),(432,131,'D:/sql_photos/Tsentr_plova_432.jpg'),(433,131,'D:/sql_photos/Tsentr_plova_433.jpg'),(434,132,'D:/sql_photos/Restoran_Pishpek_434.jpg'),(435,132,'D:/sql_photos/Restoran_Pishpek_435.jpg'),(436,132,'D:/sql_photos/Restoran_Pishpek_436.jpg'),(437,133,'D:/sql_photos/Red_Cow_437.jpg'),(438,133,'D:/sql_photos/Red_Cow_438.jpg'),(439,134,'D:/sql_photos/Vkus_Vostoka_439.jpg'),(440,134,'D:/sql_photos/Vkus_Vostoka_440.jpg'),(441,134,'D:/sql_photos/Vkus_Vostoka_441.jpg'),(442,135,'D:/sql_photos/Silla_442.jpg'),(443,136,'D:/sql_photos/Shashlychnik_443.jpg'),(444,136,'D:/sql_photos/Shashlychnik_444.jpg'),(445,136,'D:/sql_photos/Shashlychnik_445.jpg'),(446,136,'D:/sql_photos/Shashlychnik_446.jpg'),(447,136,'D:/sql_photos/Shashlychnik_447.jpg'),(448,136,'D:/sql_photos/Shashlychnik_448.jpg'),(449,137,'D:/sql_photos/Torro_Grill___Bar_449.jpg'),(450,137,'D:/sql_photos/Torro_Grill___Bar_450.jpg'),(451,137,'D:/sql_photos/Torro_Grill___Bar_451.jpg'),(452,137,'D:/sql_photos/Torro_Grill___Bar_452.jpg'),(453,138,'D:/sql_photos/Istanbul_453.jpg'),(454,138,'D:/sql_photos/Istanbul_454.jpg'),(455,138,'D:/sql_photos/Istanbul_455.jpg'),(456,138,'D:/sql_photos/Istanbul_456.jpg'),(457,139,'D:/sql_photos/Kekeev_457.jpg'),(458,139,'D:/sql_photos/Kekeev_458.jpg'),(459,139,'D:/sql_photos/Kekeev_459.jpg'),(460,139,'D:/sql_photos/Kekeev_460.jpg'),(461,139,'D:/sql_photos/Kekeev_461.jpg'),(462,140,'D:/sql_photos/Positano_Restaurant_462.jpg'),(463,140,'D:/sql_photos/Positano_Restaurant_463.jpg'),(464,140,'D:/sql_photos/Positano_Restaurant_464.jpg'),(465,140,'D:/sql_photos/Positano_Restaurant_465.jpg'),(466,141,'D:/sql_photos/Cafe_de_Paris_466.jpg'),(467,141,'D:/sql_photos/Cafe_de_Paris_467.jpg'),(468,141,'D:/sql_photos/Cafe_de_Paris_468.jpg'),(469,141,'D:/sql_photos/Cafe_de_Paris_469.jpg'),(470,141,'D:/sql_photos/Cafe_de_Paris_470.jpg'),(471,141,'D:/sql_photos/Cafe_de_Paris_471.jpg'),(472,141,'D:/sql_photos/Cafe_de_Paris_472.jpg'),(473,141,'D:/sql_photos/Cafe_de_Paris_473.jpg'),(474,142,'D:/sql_photos/Vkus_Azii_474.jpg'),(475,142,'D:/sql_photos/Vkus_Azii_475.jpg'),(476,142,'D:/sql_photos/Vkus_Azii_476.jpg'),(477,142,'D:/sql_photos/Vkus_Azii_477.jpg'),(478,142,'D:/sql_photos/Vkus_Azii_478.jpg'),(479,143,'D:/sql_photos/Chinatown_479.jpg'),(480,143,'D:/sql_photos/Chinatown_480.jpg'),(481,143,'D:/sql_photos/Chinatown_481.jpg'),(482,143,'D:/sql_photos/Chinatown_482.jpg'),(483,143,'D:/sql_photos/Chinatown_483.jpg'),(484,143,'D:/sql_photos/Chinatown_484.jpg'),(485,143,'D:/sql_photos/Chinatown_485.jpg'),(486,144,'D:/sql_photos/Barashek_486.jpg'),(487,144,'D:/sql_photos/Barashek_487.jpg'),(488,144,'D:/sql_photos/Barashek_488.jpg'),(489,144,'D:/sql_photos/Barashek_489.jpg'),(490,144,'D:/sql_photos/Barashek_490.jpg'),(491,144,'D:/sql_photos/Barashek_491.jpg'),(492,145,'D:/sql_photos/Son_Kol_492.jpg'),(493,145,'D:/sql_photos/Son_Kol_493.jpg'),(494,145,'D:/sql_photos/Son_Kol_494.jpg'),(495,145,'D:/sql_photos/Son_Kol_495.jpg'),(496,146,'D:/sql_photos/Sushi_Room_496.jpg'),(497,146,'D:/sql_photos/Sushi_Room_497.jpg'),(498,146,'D:/sql_photos/Sushi_Room_498.jpg'),(499,146,'D:/sql_photos/Sushi_Room_499.jpg'),(500,146,'D:/sql_photos/Sushi_Room_500.jpg'),(501,146,'D:/sql_photos/Sushi_Room_501.jpg'),(502,146,'D:/sql_photos/Sushi_Room_502.jpg'),(503,146,'D:/sql_photos/Sushi_Room_503.jpg'),(504,146,'D:/sql_photos/Sushi_Room_504.jpg'),(505,146,'D:/sql_photos/Sushi_Room_505.jpg'),(506,147,'D:/sql_photos/Supara_506.jpg'),(507,147,'D:/sql_photos/Supara_507.jpg'),(508,147,'D:/sql_photos/Supara_508.jpg'),(509,149,'D:/sql_photos/Issyk_kul__509.jpg'),(510,149,'D:/sql_photos/Issyk_kul__510.jpg'),(511,149,'D:/sql_photos/Issyk_kul__511.jpg'),(512,149,'D:/sql_photos/Issyk_kul__512.jpg'),(513,149,'D:/sql_photos/Issyk_kul__513.jpg'),(514,149,'D:/sql_photos/Issyk_kul__514.jpg'),(515,150,'D:/sql_photos/Karakol_515.jpg'),(516,150,'D:/sql_photos/Karakol_516.jpg'),(517,150,'D:/sql_photos/Karakol_517.jpg'),(518,150,'D:/sql_photos/Karakol_518.jpg'),(519,150,'D:/sql_photos/Karakol_519.jpg'),(520,151,'D:/sql_photos/Ala___Too_520.jpg'),(521,151,'D:/sql_photos/Ala___Too_521.jpg'),(522,151,'D:/sql_photos/Ala___Too_522.jpg'),(523,151,'D:/sql_photos/Ala___Too_523.jpg'),(524,152,'D:/sql_photos/Royal_Fish_524.jpg'),(525,152,'D:/sql_photos/Royal_Fish_525.jpg'),(526,152,'D:/sql_photos/Royal_Fish_526.jpg'),(527,153,'D:/sql_photos/Respublikanskaia_detskaia_biblioteka_imeni_K__Baialinova_527.jpg'),(528,153,'D:/sql_photos/Respublikanskaia_detskaia_biblioteka_imeni_K__Baialinova_528.jpg'),(529,154,'D:/sql_photos/Respublikanskaia_biblioteka_imeni_A__Osmonova_529.jpg'),(530,154,'D:/sql_photos/Respublikanskaia_biblioteka_imeni_A__Osmonova_530.jpg'),(531,155,'D:/sql_photos/Tsentral_naia_biblioteka_KTU_Manasa_531.jpg'),(532,155,'D:/sql_photos/Tsentral_naia_biblioteka_KTU_Manasa_532.jpg'),(533,156,'D:/sql_photos/Zoobishkek_533.jpg'),(534,156,'D:/sql_photos/Zoobishkek_534.jpg'),(535,156,'D:/sql_photos/Zoobishkek_535.jpg'),(536,157,'D:/sql_photos/Zhivaia_ekzotika_536.jpg'),(537,157,'D:/sql_photos/Zhivaia_ekzotika_537.jpg'),(538,158,'D:/sql_photos/KFC_538.jpg'),(539,158,'D:/sql_photos/KFC_539.jpg'),(540,158,'D:/sql_photos/KFC_540.jpg'),(541,158,'D:/sql_photos/KFC_541.jpg'),(542,159,'D:/sql_photos/Goluboi_Issyk_Kul__542.jpg'),(543,159,'D:/sql_photos/Goluboi_Issyk_Kul__543.jpg'),(544,159,'D:/sql_photos/Goluboi_Issyk_Kul__544.jpg'),(545,159,'D:/sql_photos/Goluboi_Issyk_Kul__545.jpg'),(546,159,'D:/sql_photos/Goluboi_Issyk_Kul__546.jpg'),(547,160,'D:/sql_photos/Kyrgyzskoe_Vzmor_e_547.jpg'),(548,161,'D:/sql_photos/Sanatorii_Cholpon_Ata_548.jpg'),(549,161,'D:/sql_photos/Sanatorii_Cholpon_Ata_549.jpg'),(550,161,'D:/sql_photos/Sanatorii_Cholpon_Ata_550.jpg'),(551,162,'D:/sql_photos/Issyk_Kul__Avrora_551.jpg'),(552,162,'D:/sql_photos/Issyk_Kul__Avrora_552.jpg'),(553,162,'D:/sql_photos/Issyk_Kul__Avrora_553.jpg'),(554,162,'D:/sql_photos/Issyk_Kul__Avrora_554.jpg'),(555,163,'net_foto'),(556,163,'net_foto'),(557,163,'D:/sql_photos/Sanatorii_Volna_557.jpg'),(558,164,'D:/sql_photos/Ai_Kol_558.jpg'),(559,164,'D:/sql_photos/Ai_Kol_559.jpg'),(560,165,'D:/sql_photos/TsO_Kapriz_Issykul__560.jpg'),(561,165,'D:/sql_photos/TsO_Kapriz_Issykul__561.jpg'),(562,165,'D:/sql_photos/TsO_Kapriz_Issykul__562.jpg'),(563,165,'D:/sql_photos/TsO_Kapriz_Issykul__563.jpg'),(564,165,'D:/sql_photos/TsO_Kapriz_Issykul__564.jpg'),(565,165,'D:/sql_photos/TsO_Kapriz_Issykul__565.jpg'),(566,166,'D:/sql_photos/Sanatorii_Issyk_Ata_566.jpg'),(567,166,'D:/sql_photos/Sanatorii_Issyk_Ata_567.jpg'),(568,166,'D:/sql_photos/Sanatorii_Issyk_Ata_568.jpg'),(569,166,'D:/sql_photos/Sanatorii_Issyk_Ata_569.jpg'),(570,167,'D:/sql_photos/Chon_Tuz_570.jpg'),(571,167,'D:/sql_photos/Chon_Tuz_571.jpg'),(572,169,'D:/sql_photos/Pansionat_Sinegor_e_572.jpg'),(573,169,'D:/sql_photos/Pansionat_Sinegor_e_573.jpg'),(574,169,'D:/sql_photos/Pansionat_Sinegor_e_574.jpg'),(575,169,'D:/sql_photos/Pansionat_Sinegor_e_575.jpg'),(576,170,'D:/sql_photos/Laguna_Siti_576.jpg'),(577,170,'D:/sql_photos/Laguna_Siti_577.jpg'),(578,170,'D:/sql_photos/Laguna_Siti_578.jpg');
/*!40000 ALTER TABLE `photos` ENABLE KEYS */;

--
-- Table structure for table `place_branches`
--

DROP TABLE IF EXISTS `place_branches`;
/*!40101 SET @saved_cs_client     = @@character_set_client */;
/*!50503 SET character_set_client = utf8mb4 */;
CREATE TABLE `place_branches` (
  `id` int NOT NULL AUTO_INCREMENT,
  `place_id` int DEFAULT NULL,
  `location` varchar(255) DEFAULT NULL,
  `yandex_map_link` varchar(255) DEFAULT NULL,
  `rating` decimal(2,1) DEFAULT NULL,
  PRIMARY KEY (`id`),
  KEY `place_id` (`place_id`),
  CONSTRAINT `place_branches_ibfk_1` FOREIGN KEY (`place_id`) REFERENCES `places` (`id`) ON DELETE CASCADE
) ENGINE=InnoDB AUTO_INCREMENT=260 DEFAULT CHARSET=utf8mb4 COLLATE=utf8mb4_0900_ai_ci;
/*!40101 SET character_set_client = @saved_cs_client */;

--
-- Dumping data for table `place_branches`
--

/*!40000 ALTER TABLE `place_branches` DISABLE KEYS */;
INSERT INTO `place_branches` VALUES (1,1,'Бишкек, ул. Жусупа Абдрахманова, 191','https://yandex.com/maps/-/CDSLZH~8',NULL),(2,2,'Бишкек, бул. Эркиндик, 21','https://yandex.com/maps/-/CDSLZP5y',NULL),(3,3,'Бишкек, ул. Тоголок Молдо, 52','https://yandex.com/maps/-/CDSLZT9D',NULL),(4,4,'Бишкек, просп. Аалы Токомбаева, 21/2','https://yandex.com/maps/-/CDSLZ24v',NULL),(5,4,'Чуйская область, Аламединский район, село Кой-Таш','https://yandex.com/maps/-/CDSLZ2lG',NULL),(6,5,'Бишкек, ул. Элебаева, 60','https://yandex.com/maps/-/CDSL6Ay1',NULL),(7,6,'г. Бишкек, ул. Орозбекова 87','https://yandex.com/maps/-/CDSL6E3-',NULL),(8,7,'Бишкек, ул. Орозбекова, 15','https://yandex.com/maps/-/CDSL6Myn',NULL),(9,8,'Бишкек, ул. Жумабека, 107','https://yandex.com/maps/-/CDSL6Qny',NULL),(10,9,'Бишкек, Оренбургский пер., 31','https://yandex.com/maps/-/CDSL6YOY',NULL),(11,10,'Киргизия, Бишкек, Гражданская улица','https://yandex.com/maps/-/CDSL6FNi',NULL),(12,11,'Бишкек, ул. Михаила Фрунзе, 370','https://yandex.com/maps/-/CDSL7UJ4',NULL),(13,12,'Бишкек, бульвар Эркиндик','https://yandex.com/maps/-/CDSL7F1Z',NULL),(14,13,'Бишкек, парк Ынтымак','https://yandex.com/maps/-/CDSL7VKm',NULL),(15,14,'Бишкек, парк имени Кемаля Ататюрка','https://yandex.com/maps/-/CDSL7G2q',NULL),(16,15,'Бишкек, парк Дружбы Кыргызстана и Южной Кореи','https://yandex.com/maps/-/CDSL7SpM',NULL),(17,16,'Бишкек, парк дружбы Кыргызстана и Азербайджана','https://yandex.com/maps/-/CDSL7-lW',NULL),(18,17,'Бишкек, парк Победы им. Даира Асанова','https://yandex.com/maps/-/CDSPAILo',NULL),(19,18,'Бишкек, ул. Исы Ахунбаева, 1А','https://yandex.com/maps/-/CDSPAKZo',NULL),(20,19,'Бишкек, парк Ореховая роща','https://yandex.com/maps/-/CDSPASjw',NULL),(21,20,'Бишкек, парк Берёзовая роща','https://yandex.com/maps/-/CDSPAWnI',NULL),(22,21,'Бишкек, ул. Жоомарта Боконбаева, 92','https://yandex.com/maps/-/CDSPZT83',NULL),(23,22,'Бишкек, ул. Раззакова, 32этаж 12','https://yandex.com/maps/-/CDSP64k9',NULL),(24,23,'Бишкек, ул. Жусупа Абдрахманова, 152','https://yandex.com/maps/-/CDSPZP9-',NULL),(25,24,'Бишкек, Киевская ул., 203/2','https://yandex.com/maps/-/CDSPZW~Y',NULL),(26,25,'Бишкек, ул. Герцена, 5','https://yandex.com/maps/-/CDSPZKzz',NULL),(27,26,'Бишкек, просп. Манаса, 99','https://yandex.com/maps/-/CDSPZ4jk',NULL),(28,27,'Бишкек, просп. Чуй, 168','https://yandex.com/maps/-/CDSPZYOA',NULL),(29,28,'Бишкек, просп. Чуй, 158','https://yandex.com/maps/-/CDSPZA~A',NULL),(30,29,'Бишкек, ул. Саякбая Каралаева, 5/1','https://yandex.com/maps/-/CDSPVP3n',NULL),(31,30,'Бишкек, парк дружбы Кыргызстана и Азербайджана','https://yandex.com/maps/-/CDSPVFkX',NULL),(32,31,'Бишкек, Киевская ул., 96','https://yandex.com/maps/-/CDCOaB4e',NULL),(33,32,'Бишкек, просп. Чуй, 187А','https://yandex.com/maps/-/CDCOaS5p',NULL),(34,33,'Бишкек, ул. Жусупа Абдрахманова, 170В','https://yandex.com/maps/-/CDCOaX86',NULL),(35,34,'Бишкек, просп. Чуй, 158','https://yandex.com/maps/-/CDCkrFjJ',NULL),(36,35,'Бишкек, ул. Сухэ-Батора, 17','https://yandex.com/maps/-/CDCkzKn7',NULL),(37,36,'Бишкек, просп. Аалы Токомбаева, 9Г','https://yandex.com/maps/-/CDCoEFiN',NULL),(38,37,'Бишкек, просп. Аалы Токомбаева, 21А','https://yandex.com/maps/-/CDCoEPyV',NULL),(39,38,'Бишкек, 7-й микрорайон, 33/2','https://yandex.com/maps/-/CDCoIHYJ',NULL),(40,39,'Бишкек, ул. Болота Юнусалиева, 134','https://yandex.com/maps/-/CDCoMQ~o',NULL),(41,40,'Бишкек, ул. Токтогула, 108','https://yandex.com/maps/-/CDCoQAku',NULL),(42,41,'Бишкек, ул. Тоголок Молдо, 17/1','https://yandex.com/maps/-/CDCoQN1g',NULL),(43,42,'Бишкек, просп. Чуй, 136','https://yandex.com/maps/-/CDCoQXM~',NULL),(44,43,'Бишкек, ул. Жусупа Абдрахманова, 196/1','https://yandex.com/maps/-/CDCoUO5n',NULL),(45,44,'Бишкек, ул. Токтогула, 86','https://yandex.com/maps/-/CDCoUDpf',NULL),(46,45,'Бишкек, Ленинский район, просп. Чынгыза Айтматова, 54','https://yandex.com/maps/-/CDS-fGYZ',NULL),(47,45,'Бишкек, микрорайон Аламедин-1, 4','https://yandex.com/maps/-/CDS-f63J',NULL),(48,45,'Бишкек, Зелёная ул., 3/1','https://yandex.com/maps/-/CDS-fZzz',NULL),(49,45,'Бишкек, 9-й микрорайон, 1','https://yandex.com/maps/-/CDS-fV4e',NULL),(50,45,'Бишкек, ул. Тоголок Молдо, 126','https://yandex.com/maps/-/CDS-fJ3B',NULL),(51,46,'Бишкек, ул. Медерова, 163/1','https://yandex.com/maps/-/CDCo4GyM',NULL),(67,47,'Расположено в Национальном парке Ала-Арча, недалеко от Бишкека.','https://yandex.ru/maps/-/CDCKN67D',NULL),(68,48,'Ущелье Арашан имеет скалистые берега, проросшие кустарниками, шириной 20-30 м, затем расширяется. Склоны густо заросли елью.','https://yandex.ru/maps/-/CDCKVRmy',NULL),(69,49,'Ущелье Чон-Кызыл-Суу находится в 50-60 км к западу от Каракола, включает побережье Кара-Булун и ущелья Чон-Кызыл-Суу и Кичик-Кызыл-Суу.','https://yandex.ru/maps/-/CDCKVK0x',NULL),(70,50,'Ущелье Джети-Огуз расположено в 30 км к западу от Каракола. Одно из красивейших мест Киргизии с тяньшанскими елями и живописными лесами.','https://yandex.ru/maps/-/CDCKZO1w',NULL),(71,51,'Ущелье Каракол в 9 км к югу от Каракола, глубоко врезано в склоны хребта Терскей Ала-Тоо. Склоны покрыты облепихой и елями, далее субальпийские и альпийские луга.','https://yandex.ru/maps/-/CDCKZN~T',NULL),(72,52,'Бишкек, ул. Дюйшёнкула Шопокова, 101/1','https://yandex.com/maps/-/CDShUA2W',NULL),(73,52,'Бишкек, просп. Чуй, 32Б','https://yandex.com/maps/-/CDShUUYO',NULL),(74,52,'Бишкек, ул. Байтик-Баатыра, 96','https://yandex.com/maps/-/CDShUBiR',NULL),(75,52,'Бишкек, ул. Шевченко, 80ТРЦ I-Mall','https://yandex.com/maps/-/CDShU68j',NULL),(76,52,'Бишкек, просп. Манаса, 7','https://yandex.com/maps/-/CDShUO7n',NULL),(77,52,'Бишкек, Ленинский район, просп. Чынгыза Айтматова, 299ВТРЦ Ала-Арча','https://yandex.com/maps/-/CDShU0KW',NULL),(78,52,'Бишкек, ул. Болота Юнусалиева, 179','https://yandex.com/maps/-/CDShUH3J',NULL),(79,52,'село Новопавловка, ул. М. Фрунзе, 37','https://yandex.com/maps/-/CDShUT6U',NULL),(80,53,'ул. Болота Юнусалиева, 278Б','https://yandex.com/maps/-/CDShYQJL',NULL),(81,53,'просп. Чуй, 127','https://yandex.com/maps/-/CDShY41c',NULL),(82,53,'Киевская ул., 114/2','https://yandex.com/maps/-/CDShYJnS',NULL),(83,54,'Бишкек, ул. Насирдина Исанова, 80','https://yandex.com/maps/-/CDShYOzu',NULL),(84,54,'Бишкек, ул. Байтик-Баатыра, 34/3','https://yandex.com/maps/-/CDShYWL8',NULL),(85,54,'Бишкек, ул. Жусупа Абдрахманова, 137А','https://yandex.com/maps/-/CDShYXIr',NULL),(86,55,'Бишкек, ул. Исы Ахунбаева, 173','https://yandex.com/maps/-/CDSh4QPb',NULL),(87,55,'Бишкек, ул. Саякбая Каралаева, 60/2','https://yandex.com/maps/-/CDSh440-',NULL),(88,55,'Бишкек, просп. Шабдана баатыра, 43А','https://yandex.com/maps/-/CDSh4F1i',NULL),(89,55,'Бишкек, ул. Шевченко, 82','https://yandex.com/maps/-/CDSh4NPV',NULL),(90,55,'Бишкек, ул. Болота Юнусалиева, 171/1','https://yandex.com/maps/-/CDSh4VlA',NULL),(91,55,'Бишкек, Ала-Арчинская ул., 76/7','https://yandex.com/maps/-/CDSh4GZD',NULL),(92,55,'Бишкек, ул. Горького, 27, корп. 1','https://yandex.com/maps/-/CDSh4Oz~',NULL),(93,55,'г. Кант, ул. Ленина, 47/2','https://yandex.com/maps/-/CDSh40Oa',NULL),(94,55,'г. Токмок, ул. Султана Ибраимова, 70','https://yandex.com/maps/-/CDSh4D1r',NULL),(95,55,'Бишкек, ул. Кулиева, 2Б','https://yandex.com/maps/-/CDSh4L~r',NULL),(96,55,'Бишкек, 8-й микрорайон, 40','https://yandex.com/maps/-/CDSh4X4t',NULL),(97,55,'Бишкек, ул. Мухтара Ауэзова, 11','https://yandex.com/maps/-/CDSh4-6f',NULL),(98,55,'Бишкек, Киевская ул., 148','https://yandex.com/maps/-/CDShaEo8',NULL),(99,55,'Бишкек, Ленинский район, просп. Чынгыза Айтматова, 299В','https://yandex.com/maps/-/CDShaQ6l',NULL),(100,55,'Чолпон-Ата, Советская ул., 22','https://yandex.com/maps/-/CDShaYIb',NULL),(101,55,'село Аламудун, ул. Курманжан Датки, 349','https://yandex.com/maps/-/CDShaJmg',NULL),(102,55,'село Новопавловка, ул. М. Фрунзе, 35','https://yandex.com/maps/-/CDShaRkY',NULL),(103,55,'Бишкек, Ленинский район, просп. Чынгыза Айтматова, 3','https://yandex.com/maps/-/CDShaZpH',NULL),(104,55,'Бишкек, ул. Тимура Фрунзе, 35','https://yandex.com/maps/-/CDShaGy2',NULL),(105,55,'Бишкек, 12-й микрорайон, 13/1','https://yandex.com/maps/-/CDShaO4v',NULL),(106,55,'Бишкек, ул. Саякбая Каралаева, 47','https://yandex.com/maps/-/CDShaS~B',NULL),(107,55,'Киргизия, Чуйская область, село Кёк-Джар, улица Чингиза Айтматова','https://yandex.com/maps/-/CDSha8nD',NULL),(108,56,'Бишкек, ул. Байтик-Баатыра, 1/4','https://yandex.com/maps/-/CDShaXzv',NULL),(109,56,'Бишкек, ул. Жусупа Турусбекова, 100','https://yandex.com/maps/-/CDSheAYn',NULL),(110,56,'Бишкек, ул. Токтоболота Абдумомунова, 221','https://yandex.com/maps/-/CDSheInl',NULL),(111,56,'Бишкек, ул. Жусупа Турусбекова, 100','https://yandex.com/maps/-/CDSheQ6i',NULL),(112,56,'Бишкек, ул. Михаила Фрунзе, 300/3','https://yandex.com/maps/-/CDShe49t',NULL),(113,56,'Бишкек, Киевская ул., 148','https://yandex.com/maps/-/CDSheJ-3',NULL),(114,56,'Бишкек, ул. Горького, 1/2','https://yandex.com/maps/-/CDSheR9F',NULL),(115,57,'бул. Эркиндик, 35со стороны Эркиндик, этаж 1','https://yandex.com/maps/-/CDSheGmG',NULL),(116,57,'просп. Манаса, 16','https://yandex.com/maps/-/CDSheO0b',NULL),(117,57,'бул. Эркиндик, 35','https://yandex.com/maps/-/CDSheL9q',NULL),(118,58,'Бишкек, ул. Тоголок Молдо, 36','https://yandex.com/maps/-/CDShiEzt',NULL),(119,59,'Бишкек, ул. Байтик-Баатыра, 73','https://yandex.com/maps/-/CDShiUYz',NULL),(120,60,'Бишкек, ул. Ибраимова, 115/2','https://yandex.com/maps/-/CDShiBLD',NULL),(121,61,'Бишкек, улица Гоголя','https://yandex.com/maps/-/CDShiRlD',NULL),(122,62,'Бишкек, просп. Чуй, 155','https://yandex.com/maps/-/CDWANC0-',NULL),(123,62,'Бишкек, ул. Дюйшёнкула Шопокова, 91','https://yandex.com/maps/-/CDWANO94',NULL),(124,63,'Бишкек, ул. Ибраимова, 115','https://yandex.com/maps/-/CDWANNOD',NULL),(125,63,'Бишкек, ул. Ибраимова, 115/2','https://yandex.com/maps/-/CDWANZNp',NULL),(126,64,'Бишкек, просп. Чуй, 92','https://yandex.com/maps/-/CDWAN41R',NULL),(127,65,'Бишкек, ул. Ахматбека Суюмбаева, 142/2','https://yandex.com/maps/-/CDWANQ4K',NULL),(128,66,'Бишкек, ул. Дюйшёнкула Шопокова, 121/1','https://yandex.com/maps/-/CDWANE03',NULL),(129,67,'Бишкек, ул. Жусупа Абдрахманова, 170В','https://yandex.com/maps/-/CDWAJ2J6',NULL),(130,68,'Бишкек, ул. Дюйшёнкула Шопокова, 89','https://yandex.com/maps/-/CDWAJP-f',NULL),(131,69,'Бишкек, просп. Жибек-Жолу, 405','https://yandex.com/maps/-/CDWAJDO~',NULL),(132,70,'Бишкек, просп. Чуй, 147/4','https://yandex.com/maps/-/CDWAJ0Zu',NULL),(133,71,'Бишкек, ул. Дюйшёнкула Шопокова, 89ТЦ Мегакомфорт','https://yandex.com/maps/-/CDWAJSno',NULL),(134,72,'Бишкек, просп. Чуй, 127','https://yandex.com/maps/-/CDWAJC5p',NULL),(135,73,'Бишкек, ул. Жоомарта Боконбаева, 111','https://yandex.com/maps/-/CDWAJZyk',NULL),(136,74,'Бишкек, ул. Жусупа Абдрахманова, 204','https://yandex.com/maps/-/CDWAJRZ1',NULL),(137,75,'Бишкек, ул. Жусупа Абдрахманова, 152','https://yandex.com/maps/-/CDWAJF~1',NULL),(138,76,'Бишкек, просп. Чуй, 155В','https://yandex.com/maps/-/CDWAJ4j5',NULL),(139,77,'Бишкек, ул. Горького, 1Г','https://yandex.com/maps/-/CDWAJQ22',NULL),(140,78,'Бишкек, ул. Болота Юнусалиева, 40А','https://yandex.com/maps/-/CDWAJM4a',NULL),(141,79,'Бишкек, просп. Чуй, 150А','https://yandex.com/maps/-/CDWAFL5D',NULL),(142,79,'Бишкек, ул. Болота Юнусалиева, 177/2','https://yandex.com/maps/-/CDWAJA4h',NULL),(143,80,'Бишкек, ул. Калыка Акиева, 66','https://yandex.com/maps/-/CDWAF0O4',NULL),(144,81,'Бишкек, ул. К. Ормокоева, 31','https://yandex.com/maps/-/CDWQvHjc',NULL),(145,82,'Бишкек, просп. Чуй, 203А','https://yandex.com/maps/-/CDWQzIjk',NULL),(146,83,'Бишкек, ул. Жусупа Абдрахманова, 196','https://yandex.com/maps/-/CDWQzU64',NULL),(147,84,'Бишкек, ул. Михаила Фрунзе, 364','https://yandex.com/maps/-/CDWQzB2-',NULL),(148,85,'Бишкек, Ленинский район, просп. Чынгыза Айтматова, 305','https://yandex.com/maps/-/CDWQzJ~9',NULL),(149,86,'Бишкек, ул. Чуйкова, 87','https://yandex.com/maps/-/CDWQzVkX',NULL),(150,87,'Бишкек, парк имени Чынгыза Айтматова','https://yandex.com/maps/-/CDWQz6Km',NULL),(151,88,'Чуйская область, Аламединский район','https://yandex.com/maps/-/CDWQzKNo',NULL),(152,89,'Бишкек, ул. Жайыл Баатыра, 54','https://yandex.com/maps/-/CDWQzXPk',NULL),(153,90,'Бишкек, ул. Исакеева, 16','https://yandex.com/maps/-/CDWQ7A8K',NULL),(154,91,'Бишкек, просп. Чуй, 219','https://yandex.com/maps/-/CDWQ7IyD',NULL),(155,92,'Бишкек, ул. Жукеева-Пудовкина, 87/2','https://yandex.com/maps/-/CDWQ7Mkx',NULL),(156,93,'Бишкек, Ашхабадская ул., 28','https://yandex.com/maps/-/CDWQ7YZ9',NULL),(157,94,'Бишкек, Московская ул., 154','https://yandex.com/maps/-/CDWQ7B57',NULL),(158,95,'Бишкек, ул. Ибраимова, 117А','https://yandex.com/maps/-/CDWQ7JnS',NULL),(159,96,'Бишкек, Ленинский район, просп. Чынгыза Айтматова, 93, этаж 1','https://yandex.com/maps/-/CDWQ7GIv',NULL),(160,97,'Бишкек, ул. Болота Юнусалиева, 40А','https://yandex.com/maps/-/CDWUAF1x',NULL),(161,98,'просп. Чуй, 213','https://yandex.com/maps/-/CDWUARlx',NULL),(162,99,'Ленинский район, просп. Чынгыза Айтматова, 3','https://yandex.com/maps/-/CDWUA6~U',NULL),(163,100,'Ленинский район, просп. Чынгыза Айтматова, 47А','https://yandex.com/maps/-/CDWUASLc',NULL),(164,101,'ул. Ибраимова, 115/2 этаж 3','https://yandex.com/maps/-/CDWUAD3s',NULL),(165,102,'бул. Эркиндик, 53','https://yandex.com/maps/-/CDWUAP-t',NULL),(166,103,'ул. Касыма Тыныстанова, 99','https://yandex.com/maps/-/CDWUA2M2',NULL),(167,104,'ул. Жукеева-Пудовкина, 85/5','https://yandex.com/maps/-/CDWUEAom',NULL),(168,105,'микрорайон Джал-29, 3/4','https://yandex.com/maps/-/CDWUEQlO',NULL),(169,106,'Бишкек, ул. Анкара, 2','https://yandex.com/maps/-/CDWUQS6B',NULL),(170,107,'Бишкек, ул. Анарбека Бакаева, 121А','https://yandex.com/maps/-/CDWUQDLQ',NULL),(171,108,'Бишкек, просп. Аалы Токомбаева, 23','https://yandex.com/maps/-/CDWUQT0s',NULL),(172,109,'Бишкек, ул. Тоголок Молдо, 40','https://yandex.com/maps/-/CDWUUEiX',NULL),(173,110,'Бишкек, ул. Гоголя, 77','https://yandex.com/maps/-/CDWUUYIN',NULL),(174,111,'Бишкек, просп. Чуй, 219А','https://yandex.com/maps/-/CDWUUF1i',NULL),(175,112,'Бишкек, Первомайский район','https://yandex.com/maps/-/CDWUUVoX',NULL),(176,113,'Бишкек, микрорайон Аламедин-1, 72','https://yandex.com/maps/-/CDWUUClK',NULL),(177,114,'Бишкек, ул. Курманжан Датки, 304','https://yandex.com/maps/-/CDWUUO1I',NULL),(178,115,'Бишкек, жилой массив Кара-Жыгач, Иссык-Кульская ул., 1/1','https://yandex.com/maps/-/CDWUUHiS',NULL),(179,116,'Бишкек, 7-й микрорайон, 12/1','https://yandex.com/maps/-/CDWUU-NB',NULL),(180,117,'Бишкек, ул. Жайыл Баатыра, 66','https://yandex.com/maps/-/CDWUYUzE',NULL),(181,118,'Бишкек, просп. Шабдана баатыра, 2','https://yandex.com/maps/-/CDWUYNMb',NULL),(182,119,'Бишкек, Геологический пер., 3/1','https://yandex.com/maps/-/CDWUYCpG',NULL),(183,120,'Бишкек, ул. Сагымбая манасчы, 164','https://yandex.com/maps/-/CDWUYDi-',NULL),(184,120,'Бишкек, просп. Жибек-Жолу, 555','https://yandex.com/maps/-/CDWuB6jS',NULL),(185,120,'Бишкек, ул. Медерова, 159','https://yandex.com/maps/-/CDWuBW00',NULL),(186,121,'Бишкек, ул. Тоголок Молдо, 114/1','https://yandex.com/maps/-/CDWuBHP~',NULL),(187,121,'Бишкек, ул. Жусупа Турусбекова, 100','https://yandex.com/maps/-/CDWuBT-1',NULL),(188,121,'Бишкек, ул. Байтик-Баатыра, 55','https://yandex.com/maps/-/CDWuB-ke',NULL),(189,121,'Бишкек, Киевская ул., 148','https://yandex.com/maps/-/CDWuFQI2',NULL),(190,121,'Бишкек, ул. Дюйшёнкула Шопокова, 91этаж 6','https://yandex.com/maps/-/CDWuFYLV',NULL),(191,121,'Бишкек, Ленинский район, просп. Чынгыза Айтматова, 3','https://yandex.com/maps/-/CDWuFFyy',NULL),(192,122,'село Лебединовка, просп. Победы, 327','https://yandex.com/maps/-/CDWuFZZw',NULL),(193,123,'Бишкек, ул. Токтоболота Абдумомунова, 220А','https://yandex.com/maps/-/CDWuFH5N',NULL),(194,124,'село Лебединовка, просп. Ленина, 48','https://yandex.com/maps/-/CDWuFTPC',NULL),(195,125,'Бишкек, Московская ул., 103','https://yandex.com/maps/-/CDWuJAP2',NULL),(196,126,'Бишкек, просп. Чуй, 227А','https://yandex.com/maps/-/CDWuJUzI',NULL),(197,126,'Бишкек, ул. Токтогула, 116А','https://yandex.com/maps/-/CDWuJJ85',NULL),(198,127,'Бишкек, ул. Чокана Валиханова, 3/3','https://yandex.com/maps/-/CDWuJO2r',NULL),(199,128,'Бишкек, ул. Саякбая Каралаева, 1А','https://yandex.com/maps/-/CDWuJDYs',NULL),(200,128,'Бишкек, 7-й микрорайон, 32А','https://yandex.com/maps/-/CDWuJT3B',NULL),(201,129,'Бишкек, ул. Болота Юнусалиева, 98/2','https://yandex.com/maps/-/CDWuNFJ~',NULL),(202,129,'Бишкек, ул. Болота Юнусалиева, 29','https://yandex.com/maps/-/CDWuNVnx',NULL),(203,129,'Бишкек, ул. Болота Юнусалиева, 127','https://yandex.com/maps/-/CDWuNCPN',NULL),(204,130,'Бишкек, ул. Болота Юнусалиева, 66/1','https://yandex.com/maps/-/CDWuNW8~',NULL),(205,130,'Бишкек, просп. Жибек-Жолу, 527','https://yandex.com/maps/-/CDWuNDor',NULL),(206,130,'Бишкек, ул. Туголбая Ата, 1/1','https://yandex.com/maps/-/CDWuNPzq',NULL),(207,132,'Бишкек, бул. Эркиндик, 34','https://yandex.com/maps/-/CDWuN-4-',NULL),(208,131,'Бишкек, ул. Тоголок Молдо, 17/1','https://yandex.com/maps/-/CDWuRBzf',NULL),(209,133,'Бишкек, ул. Болота Юнусалиева, 101','https://yandex.com/maps/-/CDWuRRjk',NULL),(210,133,'Бишкек, Киевская ул., 130/1','https://yandex.com/maps/-/CDWuR68D',NULL),(211,133,'Бишкек, Московская ул., 51','https://yandex.com/maps/-/CDWuRK-m',NULL),(212,134,'Бишкек, бул. Эркиндик, 34','https://yandex.com/maps/-/CDWuRK-m',NULL),(213,135,'село Кок-Джар, ул. Мадиева, 6','https://yandex.com/maps/-/CDWuRH3m',NULL),(214,135,'село Лебединовка, просп. Победы, 16','https://yandex.com/maps/-/CDWuRT0H',NULL),(215,136,'Бишкек, ул. Дюйшёнкула Шопокова, 93','https://yandex.com/maps/-/CDWuVAm4',NULL),(216,137,'Бишкек, ул. Марата Темирова, 89/1','https://yandex.com/maps/-/CDWuVNM7',NULL),(217,138,'Бишкек, ул. Горького, 9/1','https://yandex.com/maps/-/CDWuVCNd',NULL),(218,138,'Бишкек, ул. Горького, 1/5','https://yandex.com/maps/-/CDWuVWJh',NULL),(219,138,'Бишкек, ул. 7 Апреля, 49','https://yandex.com/maps/-/CDWuVDpw',NULL),(220,139,'Бишкек, ул. Жусупа Турусбекова, 109/3','https://yandex.com/maps/-/CDWuZY6B',NULL),(221,140,'Бишкек, ул. Гоголя, 77/1','https://yandex.com/maps/-/CDWuZJ59',NULL),(222,141,'Бишкек, ул. Токтогула, 165','https://yandex.com/maps/-/CDWuZVN4',NULL),(223,142,'Бишкек, ул. Орозбекова, 60','https://yandex.com/maps/-/CDWuZW8p',NULL),(224,143,'Бишкек, просп. Аалы Токомбаева, 78Б','https://yandex.com/maps/-/CDWuZDnt',NULL),(225,144,'Бишкек, ул. 7 Апреля, 1Д/1','https://yandex.com/maps/-/CDWuZP04',NULL),(226,145,'Бишкек, бул. Эркиндик, 30','https://yandex.com/maps/-/CDWuZ28m',NULL),(227,146,'село Кок-Джар, ул. Карагула Акмата, 1','https://yandex.com/maps/-/CDWu6E3V',NULL),(228,146,'Чуйская область, Аламединский район','https://yandex.com/maps/-/CDWu6BMk',NULL),(229,147,'Бишкек, ул. Токтогула, 49','https://yandex.com/maps/-/CDWu6R3B',NULL),(230,149,'Иссык-Кульская область','https://yandex.com/maps/-/CDW746Io',NULL),(231,150,'Иссык-Кульская область, Каракол, улица А. Масалиева','https://yandex.com/maps/-/CDW74CY5',NULL),(232,151,'Бишкек, ул. Малдыбаева, 54','https://yandex.com/maps/-/CDW74T89',NULL),(233,152,'СК Труд, 2','https://yandex.com/maps/-/CDW74XJJ',NULL),(234,153,'Бишкек, ул. Атая Огонбаева, 242','https://yandex.com/maps/-/CDW742y2',NULL),(235,154,'Бишкек, ул. Жусупа Абдрахманова, 208','https://yandex.com/maps/-/CDW7429c',NULL),(236,155,'Бишкек, Ленинский район, микрорайон Джал-30, 42','https://yandex.com/maps/-/CDW74-je',NULL),(237,156,'Бишкек, просп. Аалы Токомбаева, 21/13','https://yandex.com/maps/-/CDW7aCy4',NULL),(238,157,'Бишкек, просп. Чуй, 92','https://yandex.com/maps/-/CDW7aC9Q',NULL),(239,158,'Бишкек, ул. Жусупа Абдрахманова, 152А','https://yandex.com/maps/-/CDW7aA3V',NULL),(240,158,'Бишкек, Киевская ул., 148','https://yandex.com/maps/-/CDW7aEms',NULL),(241,158,'Бишкек, просп. Чуй, 92, ГУМ Чынар','https://yandex.com/maps/-/CDW7aELo',NULL),(242,158,'Бишкек, Ленинский район, просп. Чынгыза Айтматова, 3','https://yandex.com/maps/-/CDW7aIJY',NULL),(243,158,'Бишкек, ул. Горького, 130','https://yandex.com/maps/-/CDW7aIKn',NULL),(244,158,'Бишкек, ул. Горького, 1','https://yandex.com/maps/-/CDW7aIP~',NULL),(245,158,'Бишкек, просп. Чуй, 150А','https://yandex.com/maps/-/CDW7aMZB',NULL),(246,158,'Иссык-Кульская область, ЭМ-11','https://yandex.com/maps/-/CDW7aM2M',NULL),(247,158,'Бишкек, ул. Дюйшёнкула Шопокова, 91','https://yandex.com/maps/-/CDW7aQIl',NULL),(248,159,'Чолпон-Ата, Советская ул., 3Б','https://yandex.com/maps/-/CDW7aR7n',NULL),(249,160,'Иссык-Кульский район, село Бостери, улица Манаса','https://yandex.com/maps/-/CDW7aRYA',NULL),(250,161,'Чолпон-Ата, Советская ул., 131','https://yandex.com/maps/-/CDW7aNKh',NULL),(251,162,'Иссык-Кульский район, с. Булан-Соготту','https://yandex.com/maps/-/CDW7aJzV',NULL),(252,163,'Иссык-Кульский район','https://yandex.com/maps/-/CDW7aF0b',NULL),(253,164,'Иссык-Кульский район','https://yandex.com/maps/-/CDW7aFMi',NULL),(254,165,'Иссык-Кульский район','https://yandex.com/maps/-/CDW7aBZY',NULL),(255,166,'Чуйская область, село Ысык-Ата','https://yandex.com/maps/-/CDW7aY3V',NULL),(256,167,'Нарынская область, Кочкорский район','https://yandex.com/maps/-/CDW7aYoI',NULL),(257,168,'с. Малиновка','https://yandex.com/maps/-/CDW7aY4h',NULL),(258,169,'Иссык-Кульский район, с. Корумду','https://yandex.com/maps/-/CDW7aU0L',NULL),(259,170,'Иссык-Кульский район, село Кожояр-Ата','https://yandex.com/maps/-/CDW74T89',NULL);
/*!40000 ALTER TABLE `place_branches` ENABLE KEYS */;

--
-- Table structure for table `place_routes`
--

DROP TABLE IF EXISTS `place_routes`;
/*!40101 SET @saved_cs_client     = @@character_set_client */;
/*!50503 SET character_set_client = utf8mb4 */;
CREATE TABLE `place_routes` (
  `route_id` int DEFAULT NULL,
  `place_id` int DEFAULT NULL,
  KEY `route_id` (`route_id`),
  KEY `place_id` (`place_id`),
  CONSTRAINT `place_routes_ibfk_1` FOREIGN KEY (`route_id`) REFERENCES `routes` (`id`),
  CONSTRAINT `place_routes_ibfk_2` FOREIGN KEY (`place_id`) REFERENCES `places` (`id`)
) ENGINE=InnoDB DEFAULT CHARSET=utf8mb4 COLLATE=utf8mb4_0900_ai_ci;
/*!40101 SET character_set_client = @saved_cs_client */;

--
-- Dumping data for table `place_routes`
--

/*!40000 ALTER TABLE `place_routes` DISABLE KEYS */;
INSERT INTO `place_routes` VALUES (1,13),(1,30),(1,63),(1,90),(1,151),(2,57),(2,82),(2,122),(2,14),(2,90),(3,57),(3,85),(3,132),(3,154),(3,17),(4,52),(4,146),(4,63),(4,101),(4,30),(5,52),(5,87),(5,147),(5,18),(6,57),(6,84),(6,137),(6,19),(6,91),(7,54),(7,81),(7,54),(7,20),(7,32),(8,24),(8,86),(8,138),(8,15),(8,105),(9,47),(9,144),(9,13),(9,44),(10,52),(10,156),(10,127),(10,101),(10,17);
/*!40000 ALTER TABLE `place_routes` ENABLE KEYS */;

--
-- Table structure for table `place_tour_companies`
--

DROP TABLE IF EXISTS `place_tour_companies`;
/*!40101 SET @saved_cs_client     = @@character_set_client */;
/*!50503 SET character_set_client = utf8mb4 */;
CREATE TABLE `place_tour_companies` (
  `id` int NOT NULL AUTO_INCREMENT,
  `place_id` int DEFAULT NULL,
  `tour_company_id` int DEFAULT NULL,
  PRIMARY KEY (`id`),
  KEY `place_id` (`place_id`),
  KEY `tour_company_id` (`tour_company_id`),
  CONSTRAINT `place_tour_companies_ibfk_1` FOREIGN KEY (`place_id`) REFERENCES `places` (`id`),
  CONSTRAINT `place_tour_companies_ibfk_2` FOREIGN KEY (`tour_company_id`) REFERENCES `tour_companies` (`id`)
) ENGINE=InnoDB DEFAULT CHARSET=utf8mb4 COLLATE=utf8mb4_0900_ai_ci;
/*!40101 SET character_set_client = @saved_cs_client */;

--
-- Dumping data for table `place_tour_companies`
--

/*!40000 ALTER TABLE `place_tour_companies` DISABLE KEYS */;
/*!40000 ALTER TABLE `place_tour_companies` ENABLE KEYS */;

--
-- Table structure for table `places`
--

DROP TABLE IF EXISTS `places`;
/*!40101 SET @saved_cs_client     = @@character_set_client */;
/*!50503 SET character_set_client = utf8mb4 */;
CREATE TABLE `places` (
  `id` int NOT NULL AUTO_INCREMENT,
  `name` varchar(255) NOT NULL,
  `description` text,
  `seasonality` varchar(255) DEFAULT NULL,
  `price_category` varchar(255) DEFAULT NULL,
  `phone_number` varchar(20) DEFAULT NULL,
  `website_url` varchar(255) DEFAULT NULL,
  `average_rating` float DEFAULT NULL,
  PRIMARY KEY (`id`)
) ENGINE=InnoDB AUTO_INCREMENT=171 DEFAULT CHARSET=utf8mb4 COLLATE=utf8mb4_0900_ai_ci;
/*!40101 SET character_set_client = @saved_cs_client */;

--
-- Dumping data for table `places`
--

/*!40000 ALTER TABLE `places` DISABLE KEYS */;
INSERT INTO `places` VALUES (1,'Hyatt Regency Bishkek','Hyatt Regency Bishkek - это роскошный отель в центре Бишкека, предлагающий современные номера с панорамным видом на город. В отеле есть изысканный ресторан, предлагающий блюда интернациональной кухни, а также уютный бар с широким выбором напитков. Гости могут расслабиться в спа-центре, где предлагаются разнообразные процедуры, или освежиться в открытом бассейне. Идеально подходит как для деловых поездок, так и для отдыха.','Круглый год','Премиум','0312 661 234','https://www.hyatt.com/hyatt-regency/ru-RU/bishk-hyatt-regency-bishkek',0),(2,'Orion Hotel Bishkek','Orion Hotel Bishkek - пятизвездочный отель в центре Бишкека с элегантными номерами, оборудованными современными удобствами. В отеле имеется ресторан, предлагающий блюда авторской кухни, фитнес-центр с современным оборудованием и спа-услуги для полной релаксации. Гости могут воспользоваться конференц-залами для проведения деловых мероприятий и встреч.','Круглый год','Премиум','+996 (0) 312 55 6666','https://www.orionbishkek.com/ru/contacts',0),(3,'Plaza Hotel Bishkek','Plaza Hotel Bishkek - современный отель с комфортными номерами, оснащенными всем необходимым для приятного отдыха. Гостям предлагается насладиться разнообразными блюдами в ресторане отеля или провести время в стильном баре. В отеле также есть бассейн и несколько конференц-залов, подходящих для проведения различных мероприятий.','Круглый год','Средний сегмент','+996 (312) 535555','https://www.plazahotel.kg/ru/',0),(4,'Jannat Regency Hotel','Jannat Regency Hotel - элегантный отель с просторными номерами, оформленными в современном стиле. В отеле предлагается широкий выбор блюд в ресторане, спа-центр с разнообразными процедурами, а также фитнес-зал с новейшим оборудованием. Идеально подходит для тех, кто ценит комфорт и качество обслуживания.','Круглый год','Премиум','+996 312 909 747','https://jannat.kg/regency-bishkek/#footer',0),(5,'Golden Dragon Hotel','Golden Dragon Hotel - современный отель с комфортабельными номерами, которые подойдут как для деловых поездок, так и для отдыха. В отеле есть ресторан с разнообразным меню, бассейн, где можно освежиться после насыщенного дня, и спа-центр, предлагающий различные процедуры для полного расслабления.','Круглый год','Средний сегмент','+996 (777) 922 018','https://goldendragon.kg/',0),(6,'Park Hotel Bishkek','Park Hotel Bishkek - современный отель, расположенный в центре города, предлагающий уютные номера с прекрасным видом на город. В отеле есть ресторан с блюдами национальной и европейской кухни, бассейн для отдыха и фитнес-центр для поддержания формы. Отличное место для проживания во время деловых поездок и туристических визитов.','Круглый год','Премиум','+996 (312) 665518','https://parkhotel.kg/',0),(7,'Solutel Hotel','Solutel Hotel - бутик-отель с современными номерами, идеально подходящими для тех, кто ценит комфорт и индивидуальный подход. Гостям предлагается насладиться вкусными блюдами в ресторане отеля, а также воспользоваться фитнес-залом для поддержания физической формы.','Круглый год','Средний сегмент','+996 312 90 30 30','https://www.solutel.kg/ru',0),(8,'Damas International Hotel','Damas International Hotel - комфортабельный отель с номерами, оформленными в современном стиле. В отеле есть ресторан, предлагающий широкий выбор блюд, фитнес-центр для активного отдыха и несколько конференц-залов, идеально подходящих для деловых встреч и мероприятий.','Круглый год','Средний сегмент','+996 (312) 666 444','https://damas.kg/',0),(9,'Discovery Hotel Bishkek','Discovery Hotel Bishkek - современный отель с уютными номерами, оформленными в теплых тонах. В отеле есть ресторан с разнообразным меню, фитнес-центр для поддержания физической активности и другие удобства для комфортного проживания.','Круглый год','Средний сегмент','+996 (770) 050429','https://www.discoveryhotel.kg/ru/',0),(10,'My Hotel Bishkek','My Hotel Bishkek - уютный отель с современными номерами, идеально подходящими для тех, кто ищет спокойное и комфортное место для отдыха. Гостям предлагается ресторан с блюдами местной и интернациональной кухни, а также конференц-залы для проведения деловых мероприятий.','Круглый год','Средний сегмент','0706 900 477',NULL,0),(11,'Парк Панфилова','Парк Панфилова - Парк культуры и отдыха в центре Бишкека с множеством аллей, фонтанов и мест для отдыха. В парке часто проходят культурные мероприятия и концерты на открытом воздухе. Парк назван в честь генерала Панфилова и является одним из самых популярных мест для прогулок среди жителей и гостей города.','Круглый год','Бесплатно',NULL,NULL,0),(12,'Бульвар Эркиндик','Бульвар Эркиндик - Бульвар с красивыми аллеями и зелеными насаждениями, популярное место для прогулок и отдыха. Здесь часто устраиваются выставки под открытым небом и фестивали, что делает бульвар идеальным местом для культурного досуга.','Круглый год','Бесплатно',NULL,NULL,0),(13,'Парк Ынтымак','Парк Ынтымак - Современный парк с зонами отдыха, детскими площадками и спортивными объектами. Отличное место для семейного отдыха. В парке также проходят различные культурные мероприятия, спортивные соревнования и мастер-классы для детей и взрослых.','Круглый год','Бесплатно',NULL,NULL,0),(14,'Парк имени Кемаля Ататюрка','Парк имени Кемаля Ататюрка - Парк культуры и отдыха с аллеями, памятником Кемалю Ататюрку, зелеными насаждениями и местами для отдыха. Здесь также находятся детские площадки, спортивные зоны и сцена для проведения культурных мероприятий.','Круглый год','Бесплатно',NULL,NULL,0),(15,'Парк дружбы Кыргызстана и Южной Кореи','Парк дружбы Кыргызстана и Южной Кореи - Парк, символизирующий дружбу между Кыргызстаном и Южной Кореей, с аллеями, фонтанами и зелеными зонами. В парке часто проводятся культурные мероприятия, посвященные дружбе и сотрудничеству между двумя странами.','Круглый год','Бесплатно',NULL,NULL,0),(16,'Парк дружбы Кыргызстана и Азербайджана','Парк дружбы Кыргызстана и Азербайджана - Парк, символизирующий дружбу между Кыргызстаном и Азербайджаном, с аллеями, фонтанами и зонами отдыха. Парк украшен скульптурами и памятниками, символизирующими культурные связи между двумя странами, и является популярным местом для проведения культурных мероприятий и фестивалей.','Круглый год','Бесплатно',NULL,NULL,0),(17,'Парк Победы','Парк Победы - Парк, посвященный памяти павших воинов, с мемориалами, аллеями и зонами для отдыха. Здесь также находятся памятники, посвященные героям войны, и зоны для проведения патриотических мероприятий и концертов.','Круглый год','Бесплатно',NULL,NULL,0),(18,'Ботанический сад имени Э.З. Гареева','Ботанический сад имени Э.З. Гареева - Ботанический сад с разнообразной флорой, идеальное место для прогулок и изучения растений. В саду представлены редкие и экзотические растения, а также есть оранжереи и зоны для пикников. Это популярное место для фотосессий и образовательных экскурсий.','Круглый год','Бесплатно',NULL,NULL,0),(19,'Парк Ореховая роща','Парк Ореховая роща - Парк с ореховыми деревьями, популярное место для прогулок и отдыха на природе. В парке есть оборудованные зоны для пикников, детские площадки и аллеи для пеших и велосипедных прогулок. Здесь также проводятся экологические мероприятия и мастер-классы.','Круглый год','Бесплатно',NULL,NULL,0),(20,'Парк Березовая роща','Парк Березовая роща - Уютный парк с множеством берез, идеальное место для отдыха на природе. В парке есть зоны для барбекю, места для проведения спортивных мероприятий и уютные уголки для отдыха. Парк привлекает как местных жителей, так и туристов, ищущих уединение с природой.','Круглый год','Бесплатно',NULL,NULL,0),(21,'No Name Bar','No Name Bar - Уютное заведение в центре города с атмосферой, привлекающей как местных жителей, так и туристов. Известен своими фирменными коктейлями и приятной атмосферой, идеально подходящей для дружеских встреч. В баре часто проходят живые выступления и тематические вечеринки.','Круглый год','Средний сегмент','+996 703 42 04 20','https://www.instagram.com/bar_kg/?hl=ru',0),(22,'Bar 12','Bar 12 - Стильный бар на крыше с великолепным видом на город. Интерьер выполнен в современном стиле, здесь можно насладиться разнообразными коктейлями и блюдами от шеф-повара. Бар предлагает регулярные вечеринки и мероприятия с участием местных и международных диджеев.','Круглый год','Премиум','+996 997 12 12 12','https://www.instagram.com/bar12_bishkek/',0),(23,'Why Not Bar','Why Not Bar - Уникальный бар, предлагающий не только разнообразные напитки, но и блюда индонезийской кухни. Идеальное место для тех, кто ищет что-то необычное. Интерьер бара выполнен в эклектичном стиле, создавая уютную и расслабляющую атмосферу. Часто проводятся гастрономические вечера и мастер-классы.','Круглый год','Средний сегмент','+996 778 11 11 77',NULL,0),(24,'Riad Bar','Riad Bar - Бар с интерьером, вдохновленным марокканскими мотивами. Плюшевые подушки, резные деревянные детали и освещение создают атмосферу настоящего риада. В меню бара – разнообразные экзотические коктейли и блюда, идеально подходящие для неспешного вечера с друзьями.','Круглый год','Средний сегмент','+996 500 01 39 93',NULL,0),(25,'Steinbräu Pub','Steinbräu Pub - Паб в немецком стиле, предлагающий широкий выбор как местного, так и немецкого пива. Интерьер напоминает традиционный немецкий пивной зал с деревянными столами и лавками. Здесь часто проходят тематические вечеринки и прямые трансляции спортивных событий.','Круглый год','Средний сегмент','+996 555 78 70 25','https://www.steinbrau.com/',0),(26,'Pinta Pub','Pinta Pub - Один из первых пабов в Бишкеке, известный своими прямыми трансляциями футбольных матчей и местным пивом. Отличное место для любителей спорта и шумных компаний. Паб также предлагает разнообразные закуски и блюда, идеально подходящие к пиву.','Круглый год','Средний сегмент','+996 312 32 30 99','https://www.instagram.com/pintapub.kg/',0),(27,'Metro Pub','Metro Pub - Уютный паб с деревенским интерьером и атмосферой, располагающей к дружеским встречам. Предлагает широкий выбор пива и закусок, а также регулярные музыкальные вечера и кулинарные мастер-классы.','Круглый год','Средний сегмент','+996 558 05 05 05','https://www.facebook.com/metropubkg/',0),(28,'Center Bar','Center Bar - Элегантный бар в центре города с изысканным интерьером и живой музыкой. Здесь можно насладиться премиальными винами и коктейлями, а также провести вечер в приятной компании. Бар также предлагает эксклюзивные коктейльные мастер-классы.','Круглый год','Премиум','+996 550 35 10 10','https://www.instagram.com/centerbarkg/',0),(29,'Holy Cow Bar','Holy Cow Bar - Популярный бар, известный своими креативными коктейлями и уютной атмосферой. Отличное место для встреч с друзьями и наслаждения живой музыкой. Бар часто становится площадкой для проведения тематических вечеринок и вечеров стендапа.','Круглый год','Средний сегмент','+996 554 65 92 69',NULL,0),(30,'Python Bar&Coffee','Python Bar&Coffee - Стильный бар и кофейня с уникальным интерьером и широким выбором напитков. Идеальное место для отдыха и работы. В заведении часто проходят выставки местных художников и творческие мастер-классы.','Круглый год','Средний сегмент','+996 778 91 19 11','https://pythonbar.kg/',0),(31,'Craft Bar','Craft Bar - уютное место, где можно насладиться разнообразными сортами крафтового пива и закусками. В баре царит атмосфера, располагающая к дружеским встречам и неформальному общению. Также здесь проводятся дегустации новых сортов пива и мастер-классы от пивоваров.','Круглый год','Средний сегмент','996 776 99 99 96',NULL,0),(32,'Harat’s pub','Harat’s pub - ирландский паб, известный своими живыми выступлениями и разнообразием пива. В интерьере чувствуется ирландский колорит, что создает особую атмосферу. Здесь также проводятся кельтские вечера, музыкальные выступления и тематические вечеринки.','Круглый год','Средний сегмент','996 312 88 38 00','https://harats.com/',0),(33,'Munchen Pub','Munchen Pub - место для любителей немецкого пива и традиционной кухни. Интерьер в стиле традиционного немецкого пивного зала с длинными деревянными столами. Паб часто организует вечеринки, посвященные Октоберфесту и другим немецким праздникам.','Круглый год','Средний сегмент','996 555 10 30 17','https://restoran.kg/pub/1427-munchen-pub',0),(34,'LiveBar','LiveBar - бар с живой музыкой и уютной атмосферой. Здесь можно насладиться выступлениями местных групп и попробовать оригинальные коктейли. Бар часто становится площадкой для проведения музыкальных вечеров, джем-сейшенов и творческих встреч.','Круглый год','Средний сегмент','996 557 59 49 99','https://livebar.kg/info-livebar/',0),(35,'Bono','Bono - стильный бар с разнообразными коктейлями и современной музыкой. Интерьер выполнен в минималистическом стиле, создавая атмосферу для отдыха и общения. Бар также предлагает уникальные авторские коктейли и вечеринки с участием известных диджеев.','Круглый год','Средний сегмент','996 505 04 62 56','https://www.instagram.com/bono.bar.bishkek/',0),(36,'Винтаж','Винтаж - место с ретро-атмосферой и классическими напитками. В интерьере использованы старинные элементы декора, что создает атмосферу ушедших эпох. Здесь также проводятся тематические вечера, посвященные музыке 70-х и 80-х годов.','Круглый год','Средний сегмент','996 505 12 25 50',NULL,0),(37,'Suzie Wong','Suzie Wong - экзотический бар с уникальными коктейлями и атмосферой Востока. Интерьер бара украшен восточными мотивами, создавая ощущение уюта и загадочности. Здесь можно попробовать редкие коктейли и блюда азиатской кухни.','Круглый год','Средний сегмент','996 770 77 66 66',NULL,0),(38,'Seven','Seven - бар с современным интерьером и разнообразными напитками. В баре представлены коктейли от шеф-бармена, а также широкий выбор крепких напитков. Это идеальное место для встречи с друзьями и проведения вечеринок.','Круглый год','Средний сегмент','996 777 87 57 77',NULL,0),(39,'Кимпаб','Кимпаб - бар с корейской кухней и оригинальными напитками. Интерьер выполнен в современном стиле с элементами корейского декора. Здесь можно попробовать популярные корейские закуски и коктейли, основанные на традиционных рецептах.','Круглый год','Средний сегмент','996 553 60 86 08','https://kimpub.kg/',0),(40,'Мята','Мята - уютный бар с крафтовыми коктейлями и атмосферой расслабления. В баре часто проводят вечера джаза и акустической музыки. Это место подходит для тех, кто ищет спокойную атмосферу для общения и отдыха.','Круглый год','Средний сегмент','996 500 77 55 77','https://myataofficial.com/',0),(41,'Coyote','Coyote - бар с энергичной атмосферой и разнообразными напитками. Интерьер оформлен в стиле американского ретро. Бар славится своими живыми выступлениями, вечеринками и конкурсами. Отличное место для активного отдыха.','Круглый год','Средний сегмент','996 775 99 99 55',NULL,0),(42,'Good Spirits','Good Spirits - бар с качественными напитками и уютной обстановкой. В баре представлены как классические, так и авторские коктейли, созданные профессиональными барменами. Здесь можно провести вечер в непринужденной атмосфере, наслаждаясь качественными напитками.','Круглый год','Средний сегмент','996 775 58 30 43',NULL,0),(43,'Season Bar','Season Bar - место для любителей сезонных коктейлей и атмосферных вечеров. Интерьер бара меняется в зависимости от времени года, создавая особую атмосферу. Бар предлагает уникальные коктейли, приготовленные из сезонных ингредиентов.','Круглый год','Средний сегмент','996 700 55 55 44',NULL,0),(44,'Easy bar','Easy bar - простой и уютный бар с разнообразными напитками. В интерьере используются теплые тона и мягкое освещение, создавая атмосферу уюта. Бар предлагает широкий выбор напитков по доступным ценам и частые вечеринки с живой музыкой.','Круглый год','Средний сегмент','996 706 12 12 21',NULL,0),(45,'BBC','BBC - бар с широким выбором напитков и уютной атмосферой. В баре представлены как популярные, так и редкие сорта пива, а также разнообразные закуски. Здесь часто проходят трансляции спортивных матчей и музыкальные выступления.','Круглый год','Средний сегмент','996 503 99 77 96','https://draft-service.kg/',0),(46,'Кипиш','Кипиш - бар с энергичной атмосферой и оригинальными напитками. Интерьер бара оформлен в современном стиле с яркими акцентами. Бар славится своими вечеринками, тематическими мероприятиями и необычными коктейлями.','Круглый год','Средний сегмент','996 505 44 34 44','https://kipish.kg/',0),(47,'Ала Арча','Ала Арча - Расположено в Национальном парке Ала-Арча, недалеко от Бишкека. Это одно из самых популярных мест для туризма и альпинизма. Здесь находятся разнообразные маршруты для пеших прогулок и скалолазания, а также живописные виды на горные хребты.','Круглый год','Бесплатно',NULL,NULL,0),(48,'Алтын Арашан','Алтын Арашан - Ущелье Арашан изумительно по красоте. На протяжении 5 км от своего начала, с высокими скалистыми бортами, проросшими кустарниками, ущелье Арашан поражает своей дикой природой и удивительными видами. В ущелье находятся горячие источники, а также зоны для кемпинга и отдыха.','Круглый год','Бесплатно',NULL,NULL,0),(49,'Чон Кызыл Суу','Чон Кызыл Суу - Ущелье Чон-Кызыл-Суу (\"большая красная вода\") находится в 50-60 км к западу от города Каракол рядом с селом Покровка и включает в себя побережье реки Кызыл-Суу, а также живописные горные пейзажи. Здесь можно найти маршруты для треккинга и зоны для кемпинга.','Круглый год','Бесплатно',NULL,NULL,0),(50,'Джети Огуз','Джети Огуз - Ущелье Джети-Огуз расположено в 30 км к западу от города Каракол на северных склонах хребта Терскей Ала-Тоо в одноименном ущелье длиной более 40 км. Ущелье знаменито своими красными скалами и живописными лугами, где можно увидеть разнообразные альпийские цветы.','Круглый год','Бесплатно',NULL,NULL,0),(51,'Каракольское ущелье','Ущелье Каракол расположено в 9 км к югу от города Каракол в одноименном разветвленном ущелье, которое глубоко врезается в склоны хребта Терскей Ала-Тоо. Ущелье знаменито своими живописными видами на горные пейзажи, густые леса и бурные реки. Это идеальное место для пеших прогулок, альпинизма и кемпинга, с множеством оборудованных маршрутов для туристов.','Круглый год','Бесплатно',NULL,NULL,0),(52,'Dodo Pizza','Популярная сеть пиццерий, предлагающая разнообразные виды пиццы, закуски и напитки. Отличается быстрым обслуживанием и качеством ингредиентов. В меню представлены как классические, так и авторские рецепты пиццы, а также десерты и безалкогольные напитки. Удобные условия для заказа пиццы на вынос или с доставкой на дом.','Круглый год','Средний сегмент','996 551 55 05 50','https://dodopizza.kg/bishkek',0),(53,'Papa Johns','Международная сеть пиццерий, известная своей фирменной пиццей и свежими ингредиентами. В меню предлагается широкий выбор пицц с различными начинками, а также закуски, десерты и напитки. В пиццерии также предоставляется возможность заказа на вынос и доставки, что делает её популярной среди местных жителей и гостей города.','Круглый год','Средний сегмент','996 770 00 49 67','https://papajohns.kg/',0),(54,'Dolce Vita','Итальянская пиццерия, предлагающая аутентичные итальянские пиццы и пасты. Отличается уютной атмосферой, напоминающей итальянскую тратторию, и высоким качеством обслуживания. Здесь можно насладиться традиционными итальянскими блюдами и широким ассортиментом вин.','Круглый год','Средний сегмент','996 312 54 39 84','https://www.instagram.com/dolce_vita_pizzeria_kg/?hl=ru',0),(55,'Империя Пиццы','Современная пиццерия, предлагающая разнообразное меню с акцентом на свежие и качественные ингредиенты. Популярна среди местных жителей и туристов благодаря своему уютному интерьеру и быстрому обслуживанию. В меню представлены различные виды пиццы, закуски и десерты.','Круглый год','Средний сегмент','+996 551 51 07 07','https://mypizza.kg/ru/mypizza/menu/4372/',0),(56,'Capito','Местная пиццерия, предлагающая вкусные и разнообразные пиццы. Отличается гостеприимной атмосферой и дружелюбным персоналом. В меню представлены как классические, так и оригинальные рецепты пиццы, а также закуски и безалкогольные напитки. Отличное место для семейного ужина или встречи с друзьями.','Круглый год','Средний сегмент','+996 550‒61‒10‒00',NULL,0),(57,'Ants','Современная пиццерия с уникальным дизайном и оригинальными рецептами. Популярна среди молодежи и любителей экспериментов с вкусами. Здесь можно попробовать необычные виды пиццы с неожиданными сочетаниями ингредиентов, а также насладиться современным интерьером и дружелюбной атмосферой.','Круглый год','Средний сегмент','+996 772 00 00 35',NULL,0),(58,'Циклон','Известная пиццерия, предлагающая разнообразные виды пиццы и другие итальянские блюда. Отличается быстрым обслуживанием и приятной атмосферой, что делает её популярной среди местных жителей и туристов. В меню также представлены закуски, салаты и напитки.','Круглый год','Средний сегмент','+996 700 53 36 33','https://cyclone.kg/',0),(59,'Na Pizza','Пиццерия, специализирующаяся на доставке пиццы на дом и офис. Известна своими доступными ценами и высоким качеством блюд. В меню представлены разнообразные виды пиццы, а также закуски и напитки. Удобный интерфейс для заказа онлайн и быстрая доставка делают эту пиццерию популярной среди занятых горожан.','Круглый год','Средний сегмент','+996 555 60 10 20','https://napizza.myresto.online/ru/category/pitstsy',0),(60,'Social Pizza','Модная пиццерия, предлагающая широкий ассортимент пицц и закусок. Популярна среди молодежи благодаря стильному интерьеру и современной атмосфере. В меню представлены как классические, так и авторские рецепты пиццы, а также салаты и напитки. Отличное место для встреч с друзьями и семейных ужинов.','Круглый год','Средний сегмент','+996 701 66 77 01',NULL,0),(61,'Гоголь','Уютная пиццерия, предлагающая вкусные пиццы и итальянские блюда. Отличается уютной атмосферой и высоким качеством обслуживания. В меню представлены различные виды пиццы, пасты и десерты, а также широкий выбор напитков. Здесь можно провести время в кругу семьи или друзей, наслаждаясь вкусной едой.','Круглый год','Средний сегмент','+996 500 77 75 11',NULL,0),(62,'ЦУМ Айчурок','Один из крупнейших торговых центров в Бишкеке, предлагающий широкий ассортимент товаров от одежды до электроники. Здесь также находятся рестораны и кафе, зоны отдыха и развлечений. ТЦ \"Айчурок\" известен своими регулярными акциями и распродажами, что делает его популярным местом для шопинга и проведения свободного времени.','Круглый год','Средний сегмент','+996 312 90 92 79','http://www.tsum.kg/',0),(63,'Dordoi Plaza','Современный торговый центр с множеством магазинов, ресторанов и зон отдыха. Популярное место для шопинга и развлечений, где можно найти товары на любой вкус и бюджет. В центре часто проводятся мероприятия и акции, привлекающие как местных жителей, так и туристов.','Круглый год','Средний сегмент','+996 312 90 12 12','https://dordoiplaza.kg/',0),(64,'ГУМ Чынар','Торговый центр в центре города, предлагающий разнообразные товары и услуги. Здесь можно найти все от одежды до бытовой техники. В ГУМе также работают кафе и рестораны, где можно отдохнуть после шопинга. ТЦ \"Чынар\" является одним из старейших и самых известных торговых центров города.','Круглый год','Средний сегмент','+996 555 87 55 00',NULL,0),(65,'Bishkek City','Многофункциональный торговый комплекс, включающий в себя магазины, рестораны и офисные помещения. Отличное место для шопинга и деловых встреч. В комплексе также есть зоны для отдыха и развлечений, что делает его популярным среди жителей и гостей города.','Круглый год','Средний сегмент','+996 558 98 68 14','http://emio.kg/',0),(66,'Ред центр','Современный торговый центр с широким ассортиментом товаров и услуг. Здесь можно найти одежду, обувь, аксессуары и многое другое. В центре также работают кафе и рестораны, предлагающие блюда на любой вкус. Регулярные акции и скидки делают этот ТЦ популярным местом для покупок.','Круглый год','Средний сегмент','+996 312 30 60 73','http://red.kg/',0),(67,'Мото','Торговый центр, специализирующийся на продаже мотоциклов, аксессуаров и запчастей. Здесь также находятся магазины одежды и обуви, а также сервисные центры для ремонта и обслуживания мототехники. Отличное место для любителей мотоциклов и активного отдыха.','Круглый год','Средний сегмент','+996 (312) 62‒08‒55',NULL,0),(68,'Мега-Комфорт','Торговый центр, предлагающий широкий выбор товаров для дома и офиса. Здесь можно найти мебель, бытовую технику и многое другое. ТЦ \"Мега-Комфорт\" известен своими качественными товарами и высоким уровнем обслуживания. Удобное расположение и большой выбор делают его популярным среди покупателей.','Круглый год','Средний сегмент','+996 312 68 15 85',NULL,0),(69,'Chinese Market Goin','Крупный рынок, предлагающий широкий ассортимент товаров от одежды до электроники. Здесь можно найти все необходимое по доступным ценам. Рынок \"Goin\" также славится своими товарами китайского производства, что делает его популярным среди местных жителей и туристов.','Круглый год','Средний сегмент',NULL,NULL,0),(70,'Детский Мир','Торговый центр, специализирующийся на продаже детских товаров. Здесь можно найти одежду, игрушки, мебель и многое другое для детей. ТЦ \"Детский Мир\" предлагает широкий выбор товаров для разных возрастных групп, а также зоны для игр и развлечений, что делает его идеальным местом для семейного шопинга.','Круглый год','Средний сегмент','+996 312 62 58 58','http://detmir.kg/',0),(71,'Галерея','Современный торговый центр с множеством магазинов, ресторанов и развлекательных зон. Отличное место для шопинга и отдыха. В \"Галерее\" часто проходят выставки, концерты и другие культурные мероприятия, привлекающие как местных жителей, так и туристов.','Круглый год','Средний сегмент','+996 312 38 35 78','http://gallery.kg/',0),(72,'1000 мелочей','Торговый центр, предлагающий широкий ассортимент товаров для дома и офиса. Здесь можно найти мебель, бытовую технику и многое другое. ТЦ \"1000 мелочей\" славится своими низкими ценами и разнообразием товаров, что делает его популярным среди местных жителей.','Круглый год','Средний сегмент','+996 (312) 43‒73‒42',NULL,0),(73,'Outlet № 1','Торговый центр с множеством магазинов, предлагающих одежду, обувь, аксессуары и многое другое по доступным ценам. Здесь часто проводятся акции и распродажи, привлекающие покупателей. \"Outlet № 1\" известен своим широким выбором брендовых товаров по сниженным ценам.','Круглый год','Средний сегмент',NULL,NULL,0),(74,'Тюльпан','Торговый центр, предлагающий широкий ассортимент товаров от одежды до бытовой техники. Здесь также находятся рестораны и развлекательные зоны. \"Тюльпан\" является популярным местом для шопинга и проведения свободного времени, особенно среди семей с детьми.','Круглый год','Средний сегмент',NULL,NULL,0),(75,'Дом Торговли','Торговый центр в центре города, предлагающий разнообразные товары и услуги. Здесь можно найти все от одежды до бытовой техники. В ТЦ \"Дом Торговли\" также работают кафе и рестораны, где можно отдохнуть после шопинга. Этот торговый центр является одним из самых посещаемых в городе.','Круглый год','Средний сегмент',NULL,NULL,0),(76,'Арбат','Современный торговый центр с множеством магазинов, ресторанов и зон отдыха. Популярное место для шопинга и развлечений. В ТЦ \"Арбат\" также часто проводятся культурные мероприятия и выставки, что делает его популярным среди жителей и гостей города.','Круглый год','Средний сегмент',NULL,NULL,0),(77,'Ташрабат','Многофункциональный торговый комплекс, включающий в себя магазины, рестораны и офисные помещения. Отличное место для шопинга и деловых встреч. В комплексе также есть зоны для отдыха и развлечений, что делает его популярным среди жителей и гостей города.','Круглый год','Средний сегмент','+996 312 44 21 60','http://tashrabat.kg/',0),(78,'CosmoPark','Современный торговый центр с множеством магазинов, ресторанов и зон отдыха. Популярное место для шопинга и развлечений. В \"CosmoPark\" представлены товары на любой вкус и бюджет, что делает его идеальным местом для семейного отдыха и покупок.','Круглый год','Средний сегмент','+996 312 29 94 94','http://cp.kg/',0),(79,'BetaStories','Торговый центр, предлагающий широкий ассортимент товаров от одежды до бытовой техники. Здесь также находятся рестораны и развлекательные зоны, что делает его популярным местом для шопинга и проведения свободного времени. Регулярные акции и распродажи привлекают большое количество покупателей.','Круглый год','Средний сегмент','+996 701 07 24 24',NULL,0),(80,'Весна','Современный торговый центр с множеством магазинов, ресторанов и зон отдыха. Отличное место для шопинга и отдыха. В ТЦ \"Весна\" часто проводятся культурные мероприятия и выставки, что делает его популярным среди жителей и гостей города.','Круглый год','Средний сегмент','+996 550 10 69 65','http://center-vesna.kg/',0),(81,'Музей великой пустоты','Интерактивный музей, посвященный современному искусству и мультимедийным инсталляциям. Здесь представлены работы местных и международных художников, а также проводятся мастер-классы и лекции. Музей \"Великой пустоты\" привлекает как любителей искусства, так и туристов.','Круглый год','Средний сегмент','+996 312 55 03 11','http://greatemptiness.net/',0),(82,'Национальный исторический музей','Один из крупнейших музеев в Кыргызстане, рассказывающий о богатой истории и культуре страны. В музее представлены экспонаты, охватывающие различные эпохи и культуры, а также регулярно проводятся временные выставки. Музей является важным культурным центром и популярным местом для туристов.','Круглый год','Средний сегмент','+996 312 62 60 90','http://historymuseum.kg/',0),(83,'Музей им. Г. Айтиева','Художественный музей, демонстрирующий работы местных и международных художников. В экспозиции музея представлены живопись, скульптура, графика и декоративно-прикладное искусство. Музей также проводит образовательные программы и мастер-классы, привлекая широкую аудиторию.','Круглый год','Средний сегмент','+996 312 66 16 23','http://artmuseum.kg/',0),(84,'Мемориальный Дом-музей М.В.Фрунзе','Музей, посвященный жизни и деятельности Михаила Фрунзе, одного из известных революционеров и военных деятелей. В музее представлены личные вещи, документы и фотографии, а также экспозиции, рассказывающие о его роли в истории Кыргызстана и Советского Союза.','Круглый год','Средний сегмент','+996 312 66 06 04','http://domfrunze.kg/',0),(85,'Дом-музей Чынгыза Айтматова','Музей, посвященный известному киргизскому писателю Чынгызу Айтматову. В музее можно узнать о жизни и творчестве писателя, а также увидеть его личные вещи, рукописи и издания его произведений. Музей является важным культурным центром, привлекающим как местных жителей, так и туристов.','Круглый год','Средний сегмент',NULL,NULL,0),(86,'Дом-музей Семёна Чуйкова','Музей, посвященный художнику Семену Чуйкову, одному из первых профессиональных художников Кыргызстана. В экспозиции музея представлены работы художника, а также его личные вещи и документы. Музей также проводит выставки современных художников и образовательные программы.','Круглый год','Средний сегмент',NULL,NULL,0),(87,'Музей скульптур под открытым небом','Музей под открытым небом, демонстрирующий различные скульптуры и инсталляции. В музее представлены работы как местных, так и международных художников. Это популярное место для прогулок и культурного досуга среди жителей и гостей города.','Круглый год','Средний сегмент',NULL,NULL,0),(88,'Музей Ата-Бейит','Мемориальный комплекс, посвященный памяти жертв репрессий. В музее представлены документы, фотографии и экспонаты, рассказывающие о трагических событиях прошлого. Музей также проводит образовательные программы и экскурсии, способствуя сохранению памяти о жертвах репрессий.','Круглый год','Средний сегмент',NULL,NULL,0),(89,'Sumbule','Популярное место для отдыха и релаксации, предлагающее разнообразные спа-услуги и массажи. В спа-салоне представлены как классические, так и экзотические процедуры, направленные на восстановление сил и улучшение самочувствия. Это идеальное место для тех, кто ищет спокойствие и расслабление.','Круглый год','Средний сегмент','+996 507 41 88 88',NULL,0),(90,'GreenCity SPA','Место для релаксации с широким спектром спа-услуг. В спа-центре можно насладиться массажами, косметическими процедурами и саунами. GreenCity SPA отличается высоким качеством обслуживания и уютной атмосферой, создавая идеальные условия для отдыха и восстановления.','Круглый год','Средний сегмент',NULL,NULL,0),(91,'Mystic SPA','Современное спа с уникальной атмосферой и профессиональными услугами. В Mystic SPA представлены различные виды массажа, косметические процедуры и программы для релаксации. Спа-центр славится своим индивидуальным подходом к каждому клиенту и высоким качеством предоставляемых услуг.','Круглый год','Средний сегмент','+996 555 45 44 33','http://mysticspa.kg/',0),(92,'Beauty SPA','Элитное спа, предлагающее высококачественные услуги по уходу за телом и лицом. В спа-центре используются только натуральные и проверенные косметические средства, а также самые современные методики для поддержания красоты и здоровья. Beauty SPA – это место, где можно полностью расслабиться и забыть о повседневных заботах.','Круглый год','Премиум','+996 312 97 97 77','https://beautyspa.kg/',0),(93,'Чакра','Уютное спа, предлагающее разнообразные массажи и спа-процедуры. В спа-салоне царит расслабляющая атмосфера, способствующая полному восстановлению сил и гармонии. Чакра известна своими профессиональными мастерами и высоким качеством обслуживания.','Круглый год','Средний сегмент','+996 554 55 99 29',NULL,0),(94,'Siam massage','Тайский массажный салон, предлагающий традиционные тайские массажи. В Siam massage работают профессиональные мастера из Таиланда, которые используют древние техники массажа для восстановления энергии и улучшения самочувствия. Это идеальное место для тех, кто ценит традиционный подход к уходу за телом.','Круглый год','Средний сегмент','+996 558 39 97 07','http://siam.kg/',0),(95,'С легким паром','Современный спа-комплекс с банными услугами и разнообразными спа-процедурами. В комплексе можно насладиться русской баней, сауной, хамамом и различными видами массажа. С легким паром – это место, где можно расслабиться и восстановить силы в приятной обстановке.','Круглый год','Средний сегмент','+996 312 43 30 30','http://slegkim-parom.kg/',0),(96,'Арча','Место для отдыха и релаксации, предлагающее спа-услуги и массажи. В спа-салоне Арча можно насладиться традиционными и современными процедурами для красоты и здоровья. Уютная атмосфера и высококачественное обслуживание делают это место популярным среди жителей города.','Круглый год','Средний сегмент',NULL,NULL,0),(97,'Синематика','Современный кинотеатр, предлагающий широкий выбор фильмов в формате 2D и 3D. Имеет несколько залов с удобными креслами и качественным звуком. Кинотеатр \"Синематика\" также предлагает разнообразные закуски и напитки, что делает его популярным местом для семейного отдыха и встреч с друзьями.','Круглый год','Средний сегмент','0770 90 33 11','http://cinematica.kg/',0),(98,'Россия','Кинотеатр с долгой историей, известный своим уютным залом и разнообразием фильмов. Отличное место для семейного отдыха. В кинотеатре \"Россия\" регулярно показывают как новинки, так и классические фильмы, что привлекает широкий круг зрителей.','Круглый год','Средний сегмент','+996 312 66 09 60','http://cinema.kg/',0),(99,'Broadway','Кинотеатр с современным оборудованием и стильным интерьером. Предлагает разнообразные фильмы и комфортные условия для просмотра. В кинотеатре \"Broadway\" также проходят специальные показы и премьеры, что делает его популярным среди киноманов.','Круглый год','Средний сегмент','+996 709 77 77 33','http://broadway.kg/',0),(100,'Кинотеатр Манас','Удобный кинотеатр с несколькими залами и хорошим выбором фильмов. Идеальное место для просмотра новинок кино. Кинотеатр \"Манас\" известен своим высоким качеством звука и изображения, а также уютной атмосферой, что делает его популярным местом для отдыха.','Круглый год','Средний сегмент','+996 (701) 98 81 00','http://manascinema.com/',0),(101,'IMAX','IMAX - Кинотеатр с форматом IMAX, предлагающий незабываемые впечатления от просмотра фильмов на большом экране с превосходным звуком. Технология IMAX позволяет зрителям погрузиться в происходящее на экране благодаря высококачественной картинке и звуковым эффектам, создающим атмосферу полного присутствия.','Круглый год','Премиум','+996 312 90 33 11','http://cinematica.kg/',0),(102,'Ала-Тоо','Ала-Тоо - Кинотеатр с долгой историей и современным оборудованием, предлагающий разнообразные фильмы для всех возрастов. Залы оснащены новейшими системами звука и изображения, обеспечивающими качественный просмотр. Отличное место для любителей кино и семейных выходов.','Круглый год','Средний сегмент','+996 312 66 19 57','https://cinematica.kg/cinema/2',0),(103,'Антикино The Story','Антикино The Story - Необычный кинотеатр, предлагающий просмотр фильмов в уютной атмосфере. Отличается уникальным интерьером, напоминающим домашний кинозал, и программой, включающей как современные, так и классические фильмы. Здесь можно почувствовать себя как дома, наслаждаясь любимыми фильмами.','Круглый год','Средний сегмент','+996 771 12 34 04','http://story.kg/',0),(104,'Plan B','Plan B - Местный кинотеатр с хорошим выбором фильмов и комфортными условиями для просмотра. В залах созданы все условия для приятного времяпровождения, включая удобные кресла и качественное звуковое оборудование. Идеально подходит для вечернего отдыха и встреч с друзьями.','Круглый год','Средний сегмент','нет',NULL,0),(105,'Кыргыз киносу','Кыргыз киносу - Кинотеатр, предлагающий разнообразные фильмы и приятную атмосферу для просмотра. Здесь можно найти как новинки, так и классику мирового кинематографа. Отличное место для семейного досуга или романтического вечера.','Круглый год','Средний сегмент','нет',NULL,0),(106,'Dasmia Fitness Family','Dasmia Fitness Family - Фитнес-центр с широким выбором тренировок и современным оборудованием. В центре предлагаются программы как для начинающих, так и для опытных спортсменов. Здесь можно найти все необходимое для поддержания здоровья и физической формы.','Круглый год','Средний сегмент','+996 557 53 21 21','https://fitness-dasmia.kg/',0),(107,'Спорт клуб К2','Спорт клуб К2 - Спортивный клуб с современным оборудованием и профессиональными тренерами, предлагающий разнообразные программы тренировок для всех уровней подготовки. В клубе также проводятся персональные тренировки и групповые занятия.','Круглый год','Средний сегмент','+996 555 91 03 50','http://k2.kg/',0),(108,'Avangard Sport Club','Avangard Sport Club - Спортивный клуб с широким спектром услуг для тренировок и оздоровления. В клубе можно найти тренажеры, бассейн, а также программы по фитнесу и йоге. Отличное место для поддержания физической формы и отдыха.','Круглый год','Средний сегмент','+996 550 58 88 88','http://avangardsport.kg/',0),(109,'Дворец спорта имени Кожомкула','Дворец спорта имени Кожомкула - Спортивный комплекс для проведения соревнований и массовых мероприятий. Здесь проходят как спортивные, так и культурные события, включая концерты и выставки. Комплекс оборудован всем необходимым для комфортного пребывания гостей.','Круглый год','Средний сегмент','нет',NULL,0),(110,'Спортивный клуб Karven Club','Спортивный клуб Karven Club - Спортивный клуб с современным оборудованием и разнообразными услугами, включая тренажеры, бассейн и зоны для групповых занятий. Здесь также проводятся персональные тренировки и оздоровительные программы для всех возрастов.','Круглый год','Средний сегмент','+996 556 68 15 15','http://karvensportclub.kg/',0),(111,'Пульс Чуй','Пульс Чуй - Фитнес-клуб с современными тренажерами и профессиональными тренерами, предлагающий разнообразные программы тренировок для поддержания здоровья и физической формы. В клубе также проходят групповые занятия по аэробике, йоге и другим направлениям.','Круглый год','Средний сегмент','+996 550 03 01 02','http://pulse.kg/',0),(112,'Стадион Спартак имени Долона Омурзакова','Стадион Спартак имени Долона Омурзакова - Стадион для проведения спортивных мероприятий и массовых мероприятий. Это главная арена для проведения футбольных матчей и других спортивных событий в Бишкеке. Стадион также используется для проведения концертов и культурных мероприятий.','Круглый год','Средний сегмент','нет',NULL,0),(113,'Велоклуб Золотые колёса','Велоклуб Золотые колёса - Велоклуб для любителей активного отдыха и велоспорта. В клубе организуются велопоходы, соревнования и мастер-классы по техническому обслуживанию велосипедов. Отличное место для тех, кто увлечен велоспортом и активным образом жизни.','Круглый год','Средний сегмент','+996 555 74 98 17',NULL,0),(114,'Strong','Strong - Фитнес-клуб с разнообразными тренировками и современными тренажерами. Клуб предлагает как индивидуальные, так и групповые занятия, включая силовые тренировки, кардио и функциональный тренинг. Здесь созданы все условия для достижения высоких спортивных результатов.','Круглый год','Средний сегмент','+996 312 48 32 37',NULL,0),(115,'Дем','Дем - Спортивный комплекс с широким спектром услуг для тренировок и оздоровления. В комплексе есть тренажеры, бассейн, сауна и зоны для групповых занятий. Здесь проводятся спортивные мероприятия и оздоровительные программы для всей семьи.','Круглый год','Средний сегмент','нет',NULL,0),(116,'ДСК','ДСК - Спортивный клуб с современным оборудованием и профессиональными тренерами. В клубе предлагаются разнообразные программы тренировок, включая силовые упражнения, кардио и фитнес для всех уровней подготовки. Здесь также проходят групповые занятия и персональные тренировки.','Круглый год','Средний сегмент','312 511 534',NULL,0),(117,'Физкультурно-оздоровительный комплекс Газпром детям','Физкультурно-оздоровительный комплекс Газпром детям - Комплекс для занятий спортом и оздоровления детей. В центре есть бассейн, тренажеры, залы для занятий гимнастикой и танцами. Здесь проводятся оздоровительные программы и спортивные мероприятия для детей и подростков.','Круглый год','Средний сегмент','нет',NULL,0),(118,'Сан-Сити','Сан-Сити - Спортивный комплекс с широким спектром услуг для тренировок и оздоровления. В комплексе есть бассейн, тренажеры, залы для групповых занятий и зоны для отдыха. Здесь проводятся спортивные и культурные мероприятия, а также оздоровительные программы для всей семьи.','Круглый год','Средний сегмент','+996 312 53 49 72',NULL,0),(119,'EL Clasico','EL Clasico - Фитнес-клуб с современными тренажерами и разнообразными тренировками. В клубе предлагаются программы для всех уровней подготовки, включая персональные тренировки и групповые занятия. Здесь можно найти все необходимое для поддержания физической формы и здоровья.','Круглый год','Средний сегмент','+996 558 98 55 55',NULL,0),(120,'Фитнес клуб Flex','Фитнес клуб Flex - Фитнес-клуб с широким выбором тренировок и современным оборудованием. В клубе предлагаются персональные тренировки, групповые занятия и оздоровительные программы для всех возрастов. Отличное место для занятий спортом и поддержания здоровья.','Круглый год','Средний сегмент','+996 553 00 10 30',NULL,0),(121,'Фаиза','Фаиза - популярное место с традиционной киргизской кухней, известное своими вкусными блюдами и доступными ценами. В меню представлены разнообразные блюда национальной кухни, приготовленные по традиционным рецептам. Это отличное место для семейного обеда или ужина с друзьями.','Круглый год','Средний сегмент','+996 555 32 49 22','http://faiza.kg/',0),(122,'Navat','Navat - ресторан с восточной кухней, предлагающий блюда из свежих и качественных ингредиентов. Интерьер заведения оформлен в восточном стиле, создавая уютную атмосферу. В меню представлены блюда из разных регионов Востока, приготовленные по оригинальным рецептам.','Круглый год','Премиум','+996 (551) 84 11 11','http://navat.kg/',0),(123,'Дияр','Дияр - уютное кафе с разнообразным меню и приятной атмосферой. В кафе можно попробовать блюда киргизской и международной кухни, приготовленные с использованием свежих продуктов. Это место идеально подходит для встречи с друзьями или семейного обеда.','Круглый год','Средний сегмент','+996 558‒39‒93‒56','https://taplink.cc/diyar.kg',0),(124,'Frunze','Frunze - ресторан с богатой историей и уникальной атмосферой, предлагающий блюда национальной кухни. В меню ресторана представлены традиционные киргизские блюда, а также авторские блюда от шеф-повара. Здесь можно насладиться вкусной едой и приятной атмосферой в кругу семьи или друзей.','Круглый год','Премиум','996 312 66 44 66','http://kaynar.kg/',0),(125,'Муслим фуд','Муслим фуд - кафе с халяльной едой, предлагающее разнообразные блюда восточной кухни. В меню представлены блюда, приготовленные по традиционным халяльным рецептам, включая мясные и овощные блюда. Это место идеально подходит для тех, кто соблюдает принципы халяльного питания.','Круглый год','Средний сегмент','+996 312 89 00 17',NULL,0),(126,'Navigator','Navigator - ресторан с богатым меню и уютной атмосферой, идеальное место для встреч с друзьями. В меню представлены блюда европейской и азиатской кухни, приготовленные с использованием свежих и качественных ингредиентов. Ресторан также предлагает разнообразные напитки и десерты.','Круглый год','Премиум','+996 772 50 04 11','http://navigator-cafe.kg/',0),(127,'Бухара','Бухара - ресторан восточной кухни с аутентичными блюдами и уютной атмосферой. В интерьере ресторана использованы элементы восточной культуры, создающие уют и комфорт. В меню представлены блюда узбекской и таджикской кухни, приготовленные по традиционным рецептам.','Круглый год','Средний сегмент','+996 555 12 44 44','http://bukhara.kg/',0),(128,'Жасмин','Жасмин - кафе с разнообразным меню и уютной атмосферой. В меню представлены блюда киргизской и международной кухни, приготовленные с использованием свежих продуктов. Это место идеально подходит для обеда с коллегами или ужина с семьей.','Круглый год','Средний сегмент','+996 776 55 50 55',NULL,0),(129,'Шашлычная №1','Шашлычная №1 - популярное место для любителей шашлыка и блюд на гриле. В меню представлены разнообразные мясные блюда, приготовленные на углях, а также свежие овощи и соусы. Это место идеально подходит для дружеской встречи или семейного обеда.','Круглый год','Средний сегмент','+996 554 70 60 80','http://shashlyk.kg/',0),(130,'Кореана','Кореана - ресторан корейской кухни, предлагающий аутентичные блюда и уютную атмосферу. В меню ресторана представлены традиционные корейские блюда, включая кимчи, корейский барбекю и рисовые блюда. Здесь можно насладиться настоящей корейской кухней и гостеприимством.','Круглый год','Средний сегмент','+996 559 30 02 00','http://assorti.kg/',0),(131,'Центр плова','Центр плова - специализированное заведение, предлагающее различные виды плова. В меню представлены пловы из разных регионов, приготовленные по традиционным рецептам. Это место идеально подходит для тех, кто хочет попробовать настоящие восточные блюда.','Круглый год','Средний сегмент','+996 556 77 77 79','https://www.instagram.com/centr_plova/',0),(132,'Ресторан Пишпек','Ресторан Пишпек - ресторан с богатой историей и разнообразным меню, предлагающий блюда национальной и европейской кухни. В интерьере ресторана сочетаются традиционные и современные элементы, создавая уютную и стильную атмосферу. Это отличное место для семейного ужина или деловой встречи.','Круглый год','Премиум','+996 557 17 11 71','https://www.instagram.com/pishpek_restaurant/',0),(133,'Red-Cow','Red-Cow - ресторан с разнообразным меню и уютной атмосферой, идеально подходящий для семейного отдыха. В меню представлены блюда европейской и американской кухни, приготовленные с использованием качественных ингредиентов. Ресторан также предлагает широкий выбор напитков и десертов.','Круглый год','Средний сегмент','+996 312 62 49 02','https://360.kg/redcow/',0),(134,'Вкус Востока','Вкус Востока - ресторан восточной кухни, предлагающий аутентичные блюда и уютную атмосферу. В меню представлены блюда узбекской, таджикской и киргизской кухни, приготовленные по традиционным рецептам. Ресторан также предлагает разнообразные напитки и десерты.','Круглый год','Средний сегмент','+996 701 77 70 00','https://www.instagram.com/vkus_vostoka_chaihana/',0),(135,'Silla','Silla - ресторан корейской кухни, предлагающий аутентичные блюда и уютную атмосферу. В меню ресторана представлены традиционные корейские блюда, включая супы, барбекю и кимчи. Это место идеально подходит для знакомства с корейской кухней и культурой.','Круглый год','Средний сегмент','+996 312 57 53 17','https://www.instagram.com/silla_bishkek/',0),(136,'Шашлычник','Шашлычник - популярное место для любителей шашлыка и блюд на гриле. В меню представлены различные виды мяса, приготовленные на углях, а также свежие овощи и соусы. Это идеальное место для дружеской встречи или семейного ужина.','Круглый год','Средний сегмент','+996 550 81 62 79','http://shashlychnik.kg/',0),(137,'Torro Grill & Bar','Torro Grill & Bar - ресторан с разнообразным меню и уютной атмосферой, идеально подходящий для встреч с друзьями. В меню представлены блюда европейской и американской кухни, приготовленные на гриле, а также разнообразные напитки и коктейли.','Круглый год','Средний сегмент','+996 555 67 89 99','https://www.instagram.com/torrogrillbar/',0),(138,'Istanbul','Istanbul - ресторан с турецкой кухней, предлагающий аутентичные блюда и уютную атмосферу. В меню ресторана представлены традиционные турецкие блюда, включая мезе, кебабы и десерты. Это место идеально подходит для знакомства с турецкой кухней и культурой.','Круглый год','Средний сегмент',NULL,NULL,0),(139,'Кекеев','Кекеев - кафе с разнообразным меню и уютной атмосферой. В меню представлены блюда киргизской и международной кухни, приготовленные с использованием свежих продуктов. Это место идеально подходит для обеда с коллегами или ужина с семьей.','Круглый год','Средний сегмент','995994141',NULL,0),(140,'Positano Restaurant','Positano Restaurant - итальянский ресторан, предлагающий аутентичные блюда и уютную атмосферу. В меню ресторана представлены традиционные итальянские блюда, включая пиццу, пасту и десерты. Здесь можно насладиться настоящей итальянской кухней и гостеприимством.','Круглый год','Премиум','+996 702 61 70 00','https://positano.kg/',0),(141,'Café de Paris','Café de Paris - кафе с французской кухней, предлагающее аутентичные блюда и уютную атмосферу. В меню представлены традиционные французские блюда, включая круассаны, багеты и разнообразные десерты. Это место идеально подходит для утреннего кофе или легкого обеда.','Круглый год','Премиум','+996 312 97 50 97','https://www.instagram.com/cafedeparis_kg/',0),(142,'Вкус Азии','Вкус Азии - ресторан азиатской кухни, предлагающий аутентичные блюда и уютную атмосферу. В меню представлены блюда китайской, японской и тайской кухни, приготовленные по традиционным рецептам. Это место идеально подходит для знакомства с азиатской кухней и культурой.','Круглый год','Средний сегмент','+996 550 33 00 22','https://vkusazii.kg/',0),(143,'Chinatown','Chinatown - ресторан китайской кухни, предлагающий аутентичные блюда и уютную атмосферу. В меню ресторана представлены традиционные китайские блюда, включая димсамы, супы и блюда из риса. Здесь можно насладиться настоящей китайской кухней и гостеприимством.','Круглый год','Средний сегмент','+996 779 66 35 55','http://chinatown.kg/',0),(144,'Барашек','Барашек - ресторан восточной кухни, предлагающий аутентичные блюда и уютную атмосферу. В меню представлены блюда узбекской, таджикской и киргизской кухни, приготовленные по традиционным рецептам. Ресторан также предлагает разнообразные напитки и десерты.','Круглый год','Средний сегмент','+996 556 52 11 11','https://barashek.kg/',0),(145,'Сон-Кол','Сон-Кол - ресторан национальной кухни, предлагающий аутентичные блюда и уютную атмосферу. В меню ресторана представлены традиционные киргизские блюда, приготовленные по старинным рецептам. Это место идеально подходит для знакомства с национальной кухней Кыргызстана.','Круглый год','Средний сегмент','+996 703 53 17 17','http://sonkol.kg/',0),(146,'Sushi Room','Sushi Room - ресторан японской кухни, предлагающий разнообразные суши и сашими. В меню ресторана также представлены традиционные японские супы, закуски и десерты. Это идеальное место для любителей японской кухни и культуры.','Круглый год','Средний сегмент','+996 700 62 32 24','http://sushiroom.kg/',0),(147,'Supara','Supara - ресторан национальной кухни, предлагающий аутентичные блюда и уютную атмосферу. В меню ресторана представлены традиционные киргизские блюда, приготовленные по старинным рецептам. Это место идеально подходит для знакомства с национальной кухней Кыргызстана.','Круглый год','Средний сегмент','+996 555 46 50 51','http://supara.kg/',0),(148,'Bellagio','Bellagio - ресторан с итальянской кухней, предлагающий аутентичные блюда и уютную атмосферу. В меню ресторана представлены традиционные итальянские блюда, включая пиццу, пасту и десерты. Здесь можно насладиться настоящей итальянской кухней и гостеприимством.','Круглый год','Премиум',NULL,NULL,0),(149,'Иссык-куль','Иссык-куль - Озеро Иссык-Куль - одно из крупнейших высокогорных озер мира, известное своими чистыми водами и живописными пейзажами. Это популярное место для отдыха, где можно насладиться купанием, рыбалкой и прогулками по живописным берегам озера.','Круглый год','Бесплатно',NULL,NULL,0),(150,'Каракол','Каракол - Горнолыжный комплекс Каракол - популярное место для зимнего отдыха и катания на лыжах и сноуборде. Комплекс предлагает современные трассы, подъемники и аренду оборудования, а также уютные кафе и гостиницы для комфортного отдыха.','Зима','Средний сегмент','+996 708 66 41 33','https://www.karakol-ski.kg/',0),(151,'Ала - Тоо','Ала - Тоо - Аквапарк Ала-Тоо - популярное место для летнего отдыха с бассейнами и водными аттракционами. В аквапарке представлены различные водные горки, бассейны с волнами и зоны для отдыха, что делает его идеальным местом для семейного отдыха.','Лето','Средний сегмент','+996 701 54 33 33','http://instagram.com/centr.otdyha.alatoo',0),(152,'Royal Fish','Royal Fish - Аквапарк Royal Fish - современный аквапарк с множеством водных развлечений. В аквапарке представлены горки, бассейны с волнами и зоны для отдыха, что делает его идеальным местом для семейного отдыха и развлечений.','Лето','Средний сегмент','+996 555 42 70 70','https://facebook.com/royalfishakvapark',0),(153,'Республиканская детская библиотека имени К. Баялинова','Республиканская детская библиотека имени К. Баялинова - Библиотека, предоставляющая детскую литературу и организующая различные образовательные мероприятия. В библиотеке также проходят литературные вечера, мастер-классы и чтения, что делает её важным культурным центром для детей и подростков.','Круглый год','Бесплатно','+996 312 66 22 68','http://card.rbdu.kg/',0),(154,'Республиканская библиотека имени А. Осмонова','Республиканская библиотека имени А. Осмонова - Крупная республиканская библиотека с обширным фондом книг и периодических изданий. В библиотеке представлены литература по различным отраслям знаний, а также проводятся выставки, лекции и литературные вечера.','Круглый год','Бесплатно','+996 (312) 30‒46‒75',NULL,0),(155,'Центральная библиотека КТУ Манаса','Центральная библиотека КТУ Манаса - Библиотека Кыргызско-Турецкого Университета Манас, предоставляющая доступ к учебной и научной литературе. В библиотеке представлены учебники, научные статьи и монографии, а также проходят семинары и конференции.','Круглый год','Бесплатно','+996 (312) 54 19 35','https://manas.edu.kg/ru/about_manas/students-library',0),(156,'Зообишкек','Зообишкек - Зоопарк в Бишкеке, где можно увидеть разнообразных животных. В зоопарке представлены животные со всех континентов, а также проводятся образовательные программы и экскурсии для детей и взрослых.','Круглый год','Средний сегмент','+996 556‒66‒66‒02','https://www.instagram.com/zoobishkek.kg/',0),(157,'Живая экзотика','Живая экзотика - Место, где можно увидеть экзотических животных и насекомых. В \"Живой экзотике\" представлены редкие виды животных, птиц и насекомых, а также проводятся экскурсии и образовательные программы для детей и взрослых.','Круглый год','Средний сегмент','+996 312 88 23 93',NULL,0),(158,'KFC','KFC - Международная сеть ресторанов быстрого питания, предлагающая разнообразное меню с куриными блюдами. В меню KFC представлены фирменные блюда, такие как куриные крылышки, бургеры и закуски, а также различные напитки и десерты.','Круглый год','Средний сегмент','+996 550 88 01 65','https://www.kfc.kg/',0),(159,'Голубой Иссык-Куль','Голубой Иссык-Куль - Санаторий на берегу озера Иссык-Куль, предлагающий различные оздоровительные процедуры. В санатории можно пройти курс лечения минеральными водами, грязями и физиотерапией, а также насладиться отдыхом на берегу озера.','Круглый год','Средний сегмент','+996 3943 627 85','http://sun-gik.kg/',0),(160,'Кыргызское Взморье','Кыргызское Взморье - Популярное место отдыха на берегу озера Иссык-Куль. В \"Кыргызском Взморье\" можно насладиться чистыми пляжами, водными развлечениями и уютными гостиницами. Это идеальное место для летнего отдыха всей семьей.','Круглый год','Средний сегмент','+996 312 90 05 03','https://www.facebook.com/1794641950763652',0),(161,'Санаторий Чолпон-Ата','Санаторий Чолпон-Ата - Санаторий, предлагающий различные оздоровительные процедуры на берегу озера Иссык-Куль. В санатории можно пройти курс лечения минеральными водами, грязевыми аппликациями и физиотерапией. Также здесь есть зоны для отдыха и развлечений, включая пляжи и спортивные площадки.','Круглый год','Средний сегмент','+996 505 581 681',NULL,0),(162,'Иссык-Куль Аврора','Иссык-Куль Аврора - Санаторий на берегу озера Иссык-Куль, известный своими оздоровительными процедурами. В санатории предлагаются программы реабилитации и отдыха с использованием природных ресурсов региона. Это идеальное место для восстановления сил и оздоровления в живописной местности.','Круглый год','Средний сегмент','0312 313 188','https://www.facebook.com/aurora.kg/',0),(163,'Санаторий Волна','Санаторий Волна - Санаторий на берегу озера Иссык-Куль, предлагающий различные оздоровительные процедуры. В санатории можно пройти курс лечения минеральными водами, грязями и физиотерапией, а также насладиться чистыми пляжами и свежим воздухом.','Круглый год','Средний сегмент','0553478207',NULL,0),(164,'Ай-Кол','Ай-Кол - Санаторий на берегу озера Иссык-Куль, известный своими оздоровительными процедурами. В санатории предлагаются курсы лечения и реабилитации с использованием минеральных вод и грязей, а также программы для укрепления здоровья и отдыха.','Круглый год','Средний сегмент','+996 312 56-30-30','https://www.facebook.com/aikol.issykkul',0),(165,'ЦО Каприз Иссыкуль','ЦО Каприз Иссыкуль - Центр отдыха на берегу озера Иссык-Куль, предлагающий разнообразные услуги для отдыха и оздоровления. В комплексе есть гостиницы, рестораны, зоны для водных видов спорта и пляжи. Это идеальное место для летнего отдыха всей семьей.','Круглый год','Средний сегмент','+996 312 90 51 70','http://kaprizissykkul.kg/',0),(166,'Санаторий Иссык-Ата','Санаторий Иссык-Ата - Санаторий, расположенный в живописной местности на берегу озера Иссык-Куль. В санатории предлагаются оздоровительные процедуры с использованием природных лечебных ресурсов региона, включая минеральные воды и грязи. Здесь также есть зоны для отдыха и развлечений.','Круглый год','Средний сегмент','+996 772 27 04 07',NULL,0),(167,'Чон-Туз','Чон-Туз - Санаторий, предлагающий различные оздоровительные процедуры в живописной местности. В санатории можно пройти курс лечения минеральными водами и грязями, а также насладиться отдыхом на свежем воздухе в окружении красивых пейзажей.','Круглый год','Средний сегмент','+996 555 22-31-88','https://chontuz.kg/',0),(168,'Санаторий Кыргызстан','Санаторий Кыргызстан - Санаторий на берегу озера Иссык-Куль, известный своими оздоровительными процедурами. В санатории предлагаются программы лечения и реабилитации с использованием природных лечебных ресурсов региона. Это место идеально подходит для восстановления здоровья и отдыха.','Круглый год','Средний сегмент','+996 703 01 32 68',NULL,0),(169,'Пансионат Синегорье','Пансионат Синегорье - Пансионат на берегу озера Иссык-Куль, предлагающий различные оздоровительные процедуры. В пансионате можно пройти курс лечения минеральными водами, грязями и физиотерапией, а также насладиться отдыхом на пляжах и в уютных номерах.','Круглый год','Средний сегмент','+996 772 32 50 01','http://sinegorie.kg/',0),(170,'Лагуна Сити','Лагуна Сити - Отель на берегу озера Иссык-Куль, предлагающий различные услуги для отдыха и оздоровления. В отеле есть комфортные номера, рестораны, зоны для водных видов спорта и пляжи. Это идеальное место для отдыха всей семьей на берегу одного из самых красивых озер в мире.','Круглый год','Средний сегмент','+996 550 52 51 65','https://www.facebook.com/293264864345329',0);
/*!40000 ALTER TABLE `places` ENABLE KEYS */;

--
-- Table structure for table `places_backup`
--

DROP TABLE IF EXISTS `places_backup`;
/*!40101 SET @saved_cs_client     = @@character_set_client */;
/*!50503 SET character_set_client = utf8mb4 */;
CREATE TABLE `places_backup` (
  `id` int NOT NULL DEFAULT '0',
  `name` varchar(255) NOT NULL,
  `description` text,
  `seasonality` varchar(255) DEFAULT NULL,
  `price_category` varchar(255) DEFAULT NULL,
  `phone_number` varchar(20) DEFAULT NULL,
  `website_url` varchar(255) DEFAULT NULL,
  `average_rating` float DEFAULT NULL
) ENGINE=InnoDB DEFAULT CHARSET=utf8mb4 COLLATE=utf8mb4_0900_ai_ci;
/*!40101 SET character_set_client = @saved_cs_client */;

--
-- Dumping data for table `places_backup`
--

/*!40000 ALTER TABLE `places_backup` DISABLE KEYS */;
INSERT INTO `places_backup` VALUES (1,'Hyatt Regency Bishkek','Hyatt Regency Bishkek - это роскошный отель в центре Бишкека с современными номерами, рестораном, спа-центром и бассейном. Идеально подходит для деловых поездок и отдыха.','Круглый год','Премиум','0312 661 234','https://www.hyatt.com/hyatt-regency/ru-RU/bishk-hyatt-regency-bishkek',NULL),(2,'Orion Hotel Bishkek','Orion Hotel Bishkek - пятизвездочный отель в центре Бишкека с элегантными номерами, рестораном, фитнес-центром и спа-услугами.','Круглый год','Премиум','+996 (0) 312 55 6666','https://www.orionbishkek.com/ru/contacts',NULL),(3,'Plaza Hotel Bishkek','Plaza Hotel Bishkek - современный отель с комфортными номерами, рестораном, бассейном и конференц-залами.','Круглый год','Средний сегмент','+996 (312) 535555','https://www.plazahotel.kg/ru/',NULL),(4,'Jannat Regency Hotel','Jannat Regency Hotel - элегантный отель с просторными номерами, рестораном, спа-центром и фитнес-залом.','Круглый год','Премиум','+996 312 909 747','https://jannat.kg/regency-bishkek/#footer',NULL),(5,'Golden Dragon Hotel','Golden Dragon Hotel - современный отель с комфортабельными номерами, рестораном, бассейном и спа-центром.','Круглый год','Средний сегмент','+996 (777) 922 018','https://goldendragon.kg/',NULL),(6,'Park Hotel Bishkek','Park Hotel Bishkek - современный отель с уютными номерами, рестораном, бассейном и фитнес-центром.','Круглый год','Премиум','+996 (312) 665518','https://parkhotel.kg/',NULL),(7,'Solutel Hotel','Solutel Hotel - бутик-отель с современными номерами, рестораном и фитнес-залом.','Круглый год','Средний сегмент','+996 312 90 30 30','https://www.solutel.kg/ru',NULL),(8,'Damas International Hotel','Damas International Hotel - комфортабельный отель с номерами, рестораном, фитнес-центром и конференц-залами.','Круглый год','Средний сегмент','+996 (312) 666 444','https://damas.kg/',NULL),(9,'Discovery Hotel Bishkek','Discovery Hotel Bishkek - современный отель с уютными номерами, рестораном и фитнес-центром.','Круглый год','Средний сегмент','+996 (770) 050429','https://www.discoveryhotel.kg/ru/',NULL),(10,'My Hotel Bishkek','My Hotel Bishkek - уютный отель с современными номерами, рестораном и конференц-залами.','Круглый год','Средний сегмент','0706 900 477',NULL,NULL),(11,'Парк Панфилова','Парк культуры и отдыха в центре Бишкека с множеством аллей, фонтанов и мест для отдыха. Парк назван в честь генерала Панфилова.','Круглый год','Бесплатно',NULL,NULL,NULL),(12,'Бульвар Эркиндик','Бульвар с красивыми аллеями и зелеными насаждениями, популярное место для прогулок и отдыха.','Круглый год','Бесплатно',NULL,NULL,NULL),(13,'Парк Ынтымак','Современный парк с зонами отдыха, детскими площадками и спортивными объектами. Отличное место для семейного отдыха.','Круглый год','Бесплатно',NULL,NULL,NULL),(14,'Парк имени Кемаля Ататюрка','Парк культуры и отдыха с аллеями, памятником Кемалю Ататюрку, зелеными насаждениями и местами для отдыха.','Круглый год','Бесплатно',NULL,NULL,NULL),(15,'Парк дружбы Кыргызстана и Южной Кореи','Парк, символизирующий дружбу между Кыргызстаном и Южной Кореей, с аллеями, фонтанами и зелеными зонами.','Круглый год','Бесплатно',NULL,NULL,NULL),(16,'Парк дружбы Кыргызстана и Азербайджана','Парк, символизирующий дружбу между Кыргызстаном и Азербайджаном. Здесь можно найти аллеи, фонтаны и зоны отдыха.','Круглый год','Бесплатно',NULL,NULL,NULL),(17,'Парк Победы','Парк, посвященный памяти павших воинов, с мемориалами, аллеями и зонами для отдыха.','Круглый год','Бесплатно',NULL,NULL,NULL),(18,'Ботанический сад имени Э.З. Гареева','Ботанический сад с разнообразной флорой, идеальное место для прогулок и изучения растений.','Круглый год','Бесплатно',NULL,NULL,NULL),(19,'Парк Ореховая роща','Парк с ореховыми деревьями, популярное место для прогулок и отдыха на природе.','Круглый год','Бесплатно',NULL,NULL,NULL),(20,'Парк Березовая роща','Уютный парк с множеством берез, идеальное место для отдыха на природе.','Круглый год','Бесплатно',NULL,NULL,NULL),(21,'No Name Bar','Уютное заведение в центре города с атмосферой, привлекающей как местных жителей, так и туристов. Известен своими фирменными коктейлями и простым декором.','Круглый год','Средний сегмент','+996 703 42 04 20','https://www.instagram.com/bar_kg/?hl=ru',NULL),(22,'Bar 12','Стильный бар на крыше с великолепным видом на город. Интерьер выполнен в современном стиле, здесь можно насладиться разнообразными коктейлями и блюдами.','Круглый год','Премиум','+996 997 12 12 12','https://www.instagram.com/bar12_bishkek/',NULL),(23,'Why Not Bar','Уникальный бар, предлагающий не только разнообразные напитки, но и блюда индонезийской кухни. Идеальное место для тех, кто ищет что-то необычное.','Круглый год','Средний сегмент','+996 778 11 11 77',NULL,NULL),(24,'Riad Bar','Бар с интерьером, вдохновленным марокканскими мотивами. Плюшевые подушки, резные деревянные детали и освещение создают атмосферу настоящего марокканского риада.','Круглый год','Средний сегмент','+996 500 01 39 93',NULL,NULL),(25,'Steinbräu Pub','Паб в немецком стиле, предлагающий широкий выбор как местного, так и немецкого пива. Интерьер напоминает традиционный немецкий пивной зал с длинными общими столами и деревянной мебелью.','Круглый год','Средний сегмент','+996 555 78 70 25','https://www.steinbrau.com/',NULL),(26,'Pinta Pub','Один из первых пабов в Бишкеке, известный своими прямыми трансляциями футбольных матчей и местным пивом. Отличное место для любителей спорта и пива.','Круглый год','Средний сегмент','+996 312 32 30 99','https://www.instagram.com/pintapub.kg/',NULL),(27,'Metro Pub','Уютный паб с деревенским интерьером и атмосферой, располагающей к дружеским встречам. Предлагает широкий выбор пива и закусок.','Круглый год','Средний сегмент','+996 558 05 05 05','https://www.facebook.com/metropubkg/',NULL),(28,'Center Bar','Элегантный бар в центре города с изысканным интерьером и живой музыкой. Здесь можно насладиться премиальными винами и коктейлями.','Круглый год','Премиум','+996 550 35 10 10','https://www.instagram.com/centerbarkg/',NULL),(29,'Holy Cow Bar','Популярный бар, известный своими креативными коктейлями и уютной атмосферой. Отличное место для встреч с друзьями.','Круглый год','Средний сегмент','+996 554 65 92 69',NULL,NULL),(30,'Python Bar&Coffee','Стильный бар и кофейня с уникальным интерьером и широким выбором напитков. Идеальное место для отдыха и работы.','Круглый год','Средний сегмент','+996 778 91 19 11','https://pythonbar.kg/',NULL),(31,'Craft Bar','Craft Bar - уютное место, где можно насладиться разнообразными сортами крафтового пива и закусками.','Круглый год','Средний сегмент','996 776 99 99 96',NULL,NULL),(32,'Harat’s pub','Harat’s pub - ирландский паб, известный своими живыми выступлениями и разнообразием пива.','Круглый год','Средний сегмент','996 312 88 38 00','https://harats.com/',NULL),(33,'Munchen Pub','Munchen Pub - место для любителей немецкого пива и традиционной кухни.','Круглый год','Средний сегмент','996 555 10 30 17','https://restoran.kg/pub/1427-munchen-pub',NULL),(34,'LiveBar','LiveBar - бар с живой музыкой и уютной атмосферой.','Круглый год','Средний сегмент','996 557 59 49 99','https://livebar.kg/info-livebar/',NULL),(35,'Bono','Bono - стильный бар с разнообразными коктейлями и современной музыкой.','Круглый год','Средний сегмент','996 505 04 62 56','https://www.instagram.com/bono.bar.bishkek/',NULL),(36,'Винтаж','Винтаж - место с ретро-атмосферой и классическими напитками.','Круглый год','Средний сегмент','996 505 12 25 50',NULL,NULL),(37,'Suzie Wong','Suzie Wong - экзотический бар с уникальными коктейлями и атмосферой Востока.','Круглый год','Средний сегмент','996 770 77 66 66',NULL,NULL),(38,'Seven','Seven - бар с современным интерьером и разнообразными напитками.','Круглый год','Средний сегмент','996 777 87 57 77',NULL,NULL),(39,'Кимпаб','Кимпаб - бар с корейской кухней и оригинальными напитками.','Круглый год','Средний сегмент','996 553 60 86 08','https://kimpub.kg/',NULL),(40,'Мята','Мята - уютный бар с крафтовыми коктейлями и атмосферой расслабления.','Круглый год','Средний сегмент','996 500 77 55 77','https://myataofficial.com/',NULL),(41,'Coyote','Coyote - бар с энергичной атмосферой и разнообразными напитками.','Круглый год','Средний сегмент','996 775 99 99 55',NULL,NULL),(42,'Good Spirits','Good Spirits - бар с качественными напитками и уютной обстановкой.','Круглый год','Средний сегмент','996 775 58 30 43',NULL,NULL),(43,'Season Bar','Season Bar - место для любителей сезонных коктейлей и атмосферных вечеров.','Круглый год','Средний сегмент','996 700 55 55 44',NULL,NULL),(44,'Easy bar','Easy bar - простой и уютный бар с разнообразными напитками.','Круглый год','Средний сегмент','996 706 12 12 21',NULL,NULL),(45,'BBC','BBC - бар с широким выбором напитков и уютной атмосферой.','Круглый год','Средний сегмент','996 503 99 77 96','https://draft-service.kg/',NULL),(46,'Кипиш','Кипиш - бар с энергичной атмосферой и оригинальными напитками.','Круглый год','Средний сегмент','996 505 44 34 44','https://kipish.kg/',NULL),(47,'Ала Арча','Расположено в Национальном парке Ала-Арча, недалеко от Бишкека. Это одно из самых популярных мест для туризма и альпинизма.','Круглый год','Бесплатно',NULL,NULL,NULL),(48,'Алтын Арашан','Ущелье Арашан изумительно по красоте. На протяжении 5 км от своего начала, с высокими скалистыми бортами, проросшими кустарниками, ущелье Арашан имеет ширину всего 20-30 м. Затем оно расширяется и становится удобным для путешествий. Склоны густо заросли елью и представляют изумительное зрелище.','Круглый год','Бесплатно',NULL,NULL,NULL),(49,'Чон Кызыл Суу','Ущелье Чон-Кызыл-Суу (\"большая красная вода\") находится в 50-60 км к западу от города Каракол рядом с селом Покровка и включает в себя побережье в районе полуострова Кара-Булун и ущелий Чон-Кызыл-Суу (40 км) и Кичик-Кызыл-Суу (30 км). Побережье полуострова покрыто густыми зарослями кустарника, в которых в большом количестве водятся фазаны. Прибрежная полоса озера является местом скопления разнообразных водоплавающих птиц, многие из которых прилетают сюда на зимовку.','Круглый год','Бесплатно',NULL,NULL,NULL),(50,'Джети Огуз','Ущелье Джети-Огуз расположено в 30 км к западу от города Каракол на северных склонах хребта Терскей Ала-Тоо в одноименном ущелье длиной более 40 км. Ущелье Джети-Огуз - одно из красивейших мест Киргизии. На протяжении почти 25 км по обеим сторонам ущелья растет тяньшанская ель, распологаясь сначала живописными группами, а затем сплошными лесными массивами.','Круглый год','Бесплатно',NULL,NULL,NULL),(51,'Каракольское ущелье','Ущелье Каракол расположено в 9 км к югу от города Каракол в одноименном разветвленном ущелье, которое глубоко врезается (40 м) в склоны хребта Терскей Ала-Тоо и упирается в ледниковый пояс. Склоны ущелья Каракол и берега реки Каракол с притоками в среднегорье покрыты зарослями облепихи, барбариса, шиповника и тала на фоне изумрудной зелени степных лугов. Далее путешествие будет проходить в царстве Тянь-Шанских елей. Выше пояса елового леса в ущелье Каракол встречаются арча и отдельно стоящие ельники, а затем субальпийские и альпийские луга.','Круглый год','Бесплатно',NULL,NULL,NULL),(52,'Dodo Pizza','Популярная сеть пиццерий, предлагающая разнообразные виды пиццы, закуски и напитки. Отличается быстрым обслуживанием и качеством ингредиентов.','Круглый год','Средний сегмент','996 551 55 05 50','https://dodopizza.kg/bishkek',NULL),(53,'Papa Johns','Международная сеть пиццерий, известная своей фирменной пиццей и свежими ингредиентами. Предлагает разнообразное меню, включая десерты и напитки.','Круглый год','Средний сегмент','996 770 00 49 67','https://papajohns.kg/',NULL),(54,'Dolce Vita','Итальянская пиццерия, предлагающая аутентичные итальянские пиццы и пасты. Отличается уютной атмосферой и высоким качеством обслуживания.','Круглый год','Средний сегмент','996 312 54 39 84','https://www.instagram.com/dolce_vita_pizzeria_kg/?hl=ru',NULL),(55,'Империя Пиццы','Современная пиццерия, предлагающая разнообразное меню с акцентом на свежие и качественные ингредиенты. Популярна среди местных жителей и туристов.','Круглый год','Средний сегмент','+996 551 51 07 07','https://mypizza.kg/ru/mypizza/menu/4372/',NULL),(56,'Capito','Местная пиццерия, предлагающая вкусные и разнообразные пиццы. Отличается гостеприимной атмосферой и дружелюбным персоналом.','Круглый год','Средний сегмент','+996 550‒61‒10‒00',NULL,NULL),(57,'Ants','Современная пиццерия с уникальным дизайном и оригинальными рецептами. Популярна среди молодежи и любителей экспериментов с вкусами.','Круглый год','Средний сегмент','+996 772 00 00 35',NULL,NULL),(58,'Циклон','Известная пиццерия, предлагающая разнообразные виды пиццы и другие итальянские блюда. Отличается быстрым обслуживанием и приятной атмосферой.','Круглый год','Средний сегмент','+996 700 53 36 33','https://cyclone.kg/',NULL),(59,'Na Pizza','Пиццерия, специализирующаяся на доставке пиццы на дом и офис. Известна своими доступными ценами и высоким качеством блюд.','Круглый год','Средний сегмент','+996 555 60 10 20','https://napizza.myresto.online/ru/category/pitstsy',NULL),(60,'Social Pizza','Модная пиццерия, предлагающая широкий ассортимент пицц и закусок. Популярна среди молодежи благодаря стильному интерьеру и современной атмосфере.','Круглый год','Средний сегмент','+996 701 66 77 01',NULL,NULL),(61,'Гоголь','Уютная пиццерия, предлагающая вкусные пиццы и итальянские блюда. Отличается уютной атмосферой и высоким качеством обслуживания.','Круглый год','Средний сегмент','+996 500 77 75 11',NULL,NULL),(62,'ЦУМ Айчурок','Один из крупнейших торговых центров в Бишкеке, предлагающий широкий ассортимент товаров от одежды до электроники. Здесь также находятся рестораны и развлекательные зоны.','Круглый год','Средний сегмент','+996 312 90 92 79','http://www.tsum.kg/',NULL),(63,'Dordoi Plaza','Современный торговый центр с множеством магазинов, ресторанов и зон отдыха. Популярное место для шопинга и развлечений.','Круглый год','Средний сегмент','+996 312 90 12 12','https://dordoiplaza.kg/',NULL),(64,'ГУМ Чынар','Торговый центр в центре города, предлагающий разнообразные товары и услуги. Здесь можно найти все от одежды до бытовой техники.','Круглый год','Средний сегмент','+996 555 87 55 00',NULL,NULL),(65,'Bishkek City','Многофункциональный торговый комплекс, включающий в себя магазины, рестораны и офисные помещения. Отличное место для шопинга и деловых встреч.','Круглый год','Средний сегмент','+996 558 98 68 14','http://emio.kg/',NULL),(66,'Ред центр','Современный торговый центр с широким ассортиментом товаров и услуг. Здесь можно найти одежду, обувь, аксессуары и многое другое.','Круглый год','Средний сегмент','+996 312 30 60 73','http://red.kg/',NULL),(67,'Мото','Торговый центр, специализирующийся на продаже мотоциклов, аксессуаров и запчастей. Здесь также находятся магазины одежды и обуви.','Круглый год','Средний сегмент','+996 (312) 62‒08‒55',NULL,NULL),(68,'Мега-Комфорт','Торговый центр, предлагающий широкий выбор товаров для дома и офиса. Здесь можно найти мебель, бытовую технику и многое другое.','Круглый год','Средний сегмент','+996 312 68 15 85',NULL,NULL),(69,'Chinese Market Goin','Крупный рынок, предлагающий широкий ассортимент товаров от одежды до электроники. Здесь можно найти все необходимое по доступным ценам.','Круглый год','Средний сегмент',NULL,NULL,NULL),(70,'Детский Мир','Торговый центр, специализирующийся на продаже детских товаров. Здесь можно найти одежду, игрушки, мебель и многое другое для детей.','Круглый год','Средний сегмент','+996 312 62 58 58','http://detmir.kg/',NULL),(71,'Галерея','Современный торговый центр с множеством магазинов, ресторанов и развлекательных зон. Отличное место для шопинга и отдыха.','Круглый год','Средний сегмент','+996 312 38 35 78','http://gallery.kg/',NULL),(72,'1000 мелочей','Торговый центр, предлагающий широкий ассортимент товаров для дома и офиса. Здесь можно найти мебель, бытовую технику и многое другое.','Круглый год','Средний сегмент','+996 (312) 43‒73‒42',NULL,NULL),(73,'Outlet № 1','Торговый центр с множеством магазинов, предлагающих одежду, обувь, аксессуары и многое другое по доступным ценам.','Круглый год','Средний сегмент',NULL,NULL,NULL),(74,'Тюльпан','Торговый центр, предлагающий широкий ассортимент товаров от одежды до бытовой техники. Здесь также находятся рестораны и развлекательные зоны.','Круглый год','Средний сегмент',NULL,NULL,NULL),(75,'Дом Торговли','Торговый центр в центре города, предлагающий разнообразные товары и услуги. Здесь можно найти все от одежды до бытовой техники.','Круглый год','Средний сегмент',NULL,NULL,NULL),(76,'Арбат','Современный торговый центр с множеством магазинов, ресторанов и зон отдыха. Популярное место для шопинга и развлечений.','Круглый год','Средний сегмент',NULL,NULL,NULL),(77,'Ташрабат','Многофункциональный торговый комплекс, включающий в себя магазины, рестораны и офисные помещения. Отличное место для шопинга и деловых встреч.','Круглый год','Средний сегмент','+996 312 44 21 60','http://tashrabat.kg/',NULL),(78,'CosmoPark','Современный торговый центр с множеством магазинов, ресторанов и зон отдыха. Популярное место для шопинга и развлечений.','Круглый год','Средний сегмент','+996 312 29 94 94','http://cp.kg/',NULL),(79,'BetaStories','Торговый центр, предлагающий широкий ассортимент товаров от одежды до бытовой техники. Здесь также находятся рестораны и развлекательные зоны.','Круглый год','Средний сегмент','+996 701 07 24 24',NULL,NULL),(80,'Весна','Современный торговый центр с множеством магазинов, ресторанов и зон отдыха. Отличное место для шопинга и отдыха.','Круглый год','Средний сегмент','+996 550 10 69 65','http://center-vesna.kg/',NULL),(81,'Музей великой пустоты','Интерактивный музей, посвященный современному искусству и мультимедийным инсталляциям.','Круглый год','Средний сегмент','+996 312 55 03 11','http://greatemptiness.net/',NULL),(82,'Национальный исторический музей','Один из крупнейших музеев в Кыргызстане, рассказывающий о богатой истории и культуре страны.','Круглый год','Средний сегмент','+996 312 62 60 90','http://historymuseum.kg/',NULL),(83,'Музей им. Г. Айтиева','Художественный музей, демонстрирующий работы местных и международных художников.','Круглый год','Средний сегмент','+996 312 66 16 23','http://artmuseum.kg/',NULL),(84,'Мемориальный Дом-музей М.В.Фрунзе','Музей, посвященный жизни и деятельности Михаила Фрунзе, одного из известных революционеров и военных деятелей.','Круглый год','Средний сегмент','+996 312 66 06 04','http://domfrunze.kg/',NULL),(85,'Дом-музей Чынгыза Айтматова','Музей, посвященный известному киргизскому писателю Чынгызу Айтматову.','Круглый год','Средний сегмент',NULL,NULL,NULL),(86,'Дом-музей Семёна Чуйкова','Музей, посвященный художнику Семену Чуйкову, одному из первых профессиональных художников Кыргызстана.','Круглый год','Средний сегмент',NULL,NULL,NULL),(87,'Музей скульптур под открытым небом','Музей под открытым небом, демонстрирующий различные скульптуры и инсталляции.','Круглый год','Средний сегмент',NULL,NULL,NULL),(88,'Музей Ата-Бейит','Мемориальный комплекс, посвященный памяти жертв репрессий.','Круглый год','Средний сегмент',NULL,NULL,NULL),(89,'Sumbule','Популярное место для отдыха и релаксации, предлагающее разнообразные спа-услуги и массажи.','Круглый год','Средний сегмент','+996 507 41 88 88',NULL,NULL),(90,'GreenCity SPA','Место для релаксации с широким спектром спа-услуг.','Круглый год','Средний сегмент',NULL,NULL,NULL),(91,'Mystic SPA','Современное спа с уникальной атмосферой и профессиональными услугами.','Круглый год','Средний сегмент','+996 555 45 44 33','http://mysticspa.kg/',NULL),(92,'Beauty SPA','Элитное спа, предлагающее высококачественные услуги по уходу за телом и лицом.','Круглый год','Премиум','+996 312 97 97 77','https://beautyspa.kg/',NULL),(93,'Чакра','Уютное спа, предлагающее разнообразные массажи и спа-процедуры.','Круглый год','Средний сегмент','+996 554 55 99 29',NULL,NULL),(94,'Siam massage','Тайский массажный салон, предлагающий традиционные тайские массажи.','Круглый год','Средний сегмент','+996 558 39 97 07','http://siam.kg/',NULL),(95,'С легким паром','Современный спа-комплекс с банными услугами и разнообразными спа-процедурами.','Круглый год','Средний сегмент','+996 312 43 30 30','http://slegkim-parom.kg/',NULL),(96,'Арча','Место для отдыха и релаксации, предлагающее спа-услуги и массажи.','Круглый год','Средний сегмент',NULL,NULL,NULL),(97,'Синематика','Современный кинотеатр, предлагающий широкий выбор фильмов в формате 2D и 3D. Имеет несколько залов с удобными креслами и качественным звуком.','Круглый год','Средний сегмент','0770 90 33 11','http://cinematica.kg/',NULL),(98,'Россия','Кинотеатр с долгой историей, известный своим уютным залом и разнообразием фильмов. Отличное место для семейного отдыха.','Круглый год','Средний сегмент','+996 312 66 09 60','http://cinema.kg/',NULL),(99,'Broadway','Кинотеатр с современным оборудованием и стильным интерьером. Предлагает разнообразные фильмы и комфортные условия для просмотра.','Круглый год','Средний сегмент','+996 709 77 77 33','http://broadway.kg/',NULL),(100,'Кинотеатр Манас','Удобный кинотеатр с несколькими залами и хорошим выбором фильмов. Идеальное место для просмотра новинок кино.','Круглый год','Средний сегмент','+996 (701) 98 81 00','http://manascinema.com/',NULL),(101,'IMAX','Кинотеатр с форматом IMAX, предлагающий незабываемые впечатления от просмотра фильмов на большом экране с превосходным звуком.','Круглый год','Премиум','+996 312 90 33 11','http://cinematica.kg/',NULL),(102,'Ала-Тоо','Кинотеатр с долгой историей и современным оборудованием. Отличное место для любителей кино и семейных выходов.','Круглый год','Средний сегмент','+996 312 66 19 57','https://cinematica.kg/cinema/2',NULL),(103,'Антикино The Story','Необычный кинотеатр, предлагающий просмотр фильмов в уютной атмосфере. Отличается уникальным интерьером и программой.','Круглый год','Средний сегмент','+996 771 12 34 04','http://story.kg/',NULL),(104,'Plan B','Местный кинотеатр с хорошим выбором фильмов и комфортными условиями для просмотра. Идеально подходит для вечернего отдыха.','Круглый год','Средний сегмент','нет','нет',NULL),(105,'Кыргыз киносу','Кинотеатр, предлагающий разнообразные фильмы и приятную атмосферу для просмотра. Отличное место для семейного досуга.','Круглый год','Средний сегмент','нет','нет',NULL),(106,'Dasmia Fitness Family','Фитнес-центр с широким выбором тренировок и современным оборудованием.','Круглый год','Средний сегмент','+996 557 53 21 21','https://fitness-dasmia.kg/',NULL),(107,'Спорт клуб К2','Спортивный клуб с современным оборудованием и профессиональными тренерами.','Круглый год','Средний сегмент','+996 555 91 03 50','http://k2.kg/',NULL),(108,'Avangard Sport Club','Спортивный клуб с широким спектром услуг для тренировок и оздоровления.','Круглый год','Средний сегмент','+996 550 58 88 88','http://avangardsport.kg/',NULL),(109,'Дворец спорта имени Кожомкула','Спортивный комплекс для проведения соревнований и массовых мероприятий.','Круглый год','Средний сегмент','нет','нет',NULL),(110,'Спортивный клуб Karven Club','Спортивный клуб с современным оборудованием и разнообразными услугами.','Круглый год','Средний сегмент','+996 556 68 15 15','http://karvensportclub.kg/',NULL),(111,'Пульс Чуй','Фитнес-клуб с современными тренажерами и профессиональными тренерами.','Круглый год','Средний сегмент','+996 550 03 01 02','http://pulse.kg/',NULL),(112,'Стадион Спартак имени Долона Омурзакова','Стадион для проведения спортивных мероприятий и массовых мероприятий.','Круглый год','Средний сегмент','нет','нет',NULL),(113,'Велоклуб Золотые колёса','Велоклуб для любителей активного отдыха и велоспорта.','Круглый год','Средний сегмент','+996 555 74 98 17','нет',NULL),(114,'Strong','Фитнес-клуб с разнообразными тренировками и современными тренажерами.','Круглый год','Средний сегмент','+996 312 48 32 37','нет',NULL),(115,'Дем','Спортивный комплекс с широким спектром услуг для тренировок и оздоровления.','Круглый год','Средний сегмент','нет','нет',NULL),(116,'ДСК','Спортивный клуб с современным оборудованием и профессиональными тренерами.','Круглый год','Средний сегмент','312 511 534','нет',NULL),(117,'Физкультурно-оздоровительный комплекс Газпром детям','Комплекс для занятий спортом и оздоровления детей.','Круглый год','Средний сегмент','нет','нет',NULL),(118,'Сан-Сити','Спортивный комплекс с широким спектром услуг для тренировок и оздоровления.','Круглый год','Средний сегмент','+996 312 53 49 72','нет',NULL),(119,'EL Clasico','Фитнес-клуб с современными тренажерами и разнообразными тренировками.','Круглый год','Средний сегмент','+996 558 98 55 55','нет',NULL),(120,'Фитнес клуб Flex','Фитнес-клуб с широким выбором тренировок и современным оборудованием.','Круглый год','Средний сегмент','+996 553 00 10 30','нет',NULL),(121,'Фаиза','Фаиза - популярное место с традиционной киргизской кухней, известное своими вкусными блюдами и доступными ценами.','Круглый год','Средний сегмент','+996 555 32 49 22','http://faiza.kg/',NULL),(122,'Navat','Navat - ресторан с восточной кухней, предлагающий блюда из свежих и качественных ингредиентов.','Круглый год','Премиум','+996 (551) 84 11 11','http://navat.kg/',NULL),(123,'Дияр','Дияр - уютное кафе с разнообразным меню и приятной атмосферой.','Круглый год','Средний сегмент','+996 558‒39‒93‒56','https://taplink.cc/diyar.kg',NULL),(124,'Frunze','Frunze - ресторан с богатой историей и уникальной атмосферой, предлагающий блюда национальной кухни.','Круглый год','Премиум','996 312 66 44 66','http://kaynar.kg/',NULL),(125,'Муслим фуд','Муслим фуд - кафе с халяльной едой, предлагающее разнообразные блюда восточной кухни.','Круглый год','Средний сегмент','+996 312 89 00 17',NULL,NULL),(126,'Navigator','Navigator - ресторан с богатым меню и уютной атмосферой, идеальное место для встреч с друзьями.','Круглый год','Премиум','+996 772 50 04 11','http://navigator-cafe.kg/',NULL),(127,'Бухара','Бухара - ресторан восточной кухни с аутентичными блюдами и уютной атмосферой.','Круглый год','Средний сегмент','+996 555 12 44 44','http://bukhara.kg/',NULL),(128,'Жасмин','Жасмин - кафе с разнообразным меню и уютной атмосферой.','Круглый год','Средний сегмент','+996 776 55 50 55',NULL,NULL),(129,'Шашлычная №1','Шашлычная №1 - популярное место для любителей шашлыка и блюд на гриле.','Круглый год','Средний сегмент','+996 554 70 60 80','http://shashlyk.kg/',NULL),(130,'Кореана','Кореана - ресторан корейской кухни, предлагающий аутентичные блюда и уютную атмосферу.','Круглый год','Средний сегмент','+996 559 30 02 00','http://assorti.kg/',NULL),(131,'Центр плова','Центр плова - специализированное заведение, предлагающее различные виды плова.','Круглый год','Средний сегмент','+996 556 77 77 79','https://www.instagram.com/centr_plova/',NULL),(132,'Ресторан Пишпек','Ресторан Пишпек - ресторан с богатой историей и разнообразным меню, предлагающий блюда национальной и европейской кухни.','Круглый год','Премиум','+996 557 17 11 71','https://www.instagram.com/pishpek_restaurant/',NULL),(133,'Red-Cow','Red-Cow - ресторан с разнообразным меню и уютной атмосферой, идеально подходящий для семейного отдыха.','Круглый год','Средний сегмент','+996 312 62 49 02','https://360.kg/redcow/',NULL),(134,'Вкус Востока','Вкус Востока - ресторан восточной кухни, предлагающий аутентичные блюда и уютную атмосферу.','Круглый год','Средний сегмент','+996 701 77 70 00','https://www.instagram.com/vkus_vostoka_chaihana/',NULL),(135,'Silla','Silla - ресторан корейской кухни, предлагающий аутентичные блюда и уютную атмосферу.','Круглый год','Средний сегмент','+996 312 57 53 17','https://nambafood.kg/',NULL),(136,'Шашлычник','Шашлычник - популярное место для любителей шашлыка и блюд на гриле.','Круглый год','Средний сегмент','+996 550 81 62 79','http://shashlychnik.kg/',NULL),(137,'Torro Grill & Bar','Torro Grill & Bar - ресторан с разнообразным меню и уютной атмосферой, идеально подходящий для встреч с друзьями.','Круглый год','Средний сегмент','+996 555 67 89 99','https://www.instagram.com/torrogrillbar/',NULL),(138,'Istanbul','Istanbul - ресторан с турецкой кухней, предлагающий аутентичные блюда и уютную атмосферу.','Круглый год','Средний сегмент',NULL,NULL,NULL),(139,'Кекеев','Кекеев - кафе с разнообразным меню и уютной атмосферой.','Круглый год','Средний сегмент','995994141',NULL,NULL),(140,'Positano Restaurant','Positano Restaurant - итальянский ресторан, предлагающий аутентичные блюда и уютную атмосферу.','Круглый год','Премиум','+996 702 61 70 00','https://positano.kg/',NULL),(141,'Café de Paris','Café de Paris - кафе с французской кухней, предлагающее аутентичные блюда и уютную атмосферу.','Круглый год','Премиум','+996 312 97 50 97','https://nambafood.kg/',NULL),(142,'Вкус Азии','Вкус Азии - ресторан азиатской кухни, предлагающий аутентичные блюда и уютную атмосферу.','Круглый год','Средний сегмент','+996 550 33 00 22','https://vkusazii.kg/',NULL),(143,'Chinatown','Chinatown - ресторан китайской кухни, предлагающий аутентичные блюда и уютную атмосферу.','Круглый год','Средний сегмент','+996 779 66 35 55','http://chinatown.kg/',NULL),(144,'Барашек','Барашек - ресторан восточной кухни, предлагающий аутентичные блюда и уютную атмосферу.','Круглый год','Средний сегмент','+996 556 52 11 11','https://barashek.kg/',NULL),(145,'Сон-Кол','Сон-Кол - ресторан национальной кухни, предлагающий аутентичные блюда и уютную атмосферу.','Круглый год','Средний сегмент','+996 703 53 17 17','http://sonkol.kg/',NULL),(146,'Sushi Room','Sushi Room - ресторан японской кухни, предлагающий разнообразные суши и сашими.','Круглый год','Средний сегмент','+996 700 62 32 24','http://sushiroom.kg/',NULL),(147,'Supara','Supara - ресторан национальной кухни, предлагающий аутентичные блюда и уютную атмосферу.','Круглый год','Средний сегмент','+996 555 46 50 51','http://supara.kg/',NULL),(148,'Bellagio','Bellagio - ресторан с итальянской кухней, предлагающий аутентичные блюда и уютную атмосферу.','Круглый год','Премиум',NULL,NULL,NULL),(149,'Иссык-куль','Озеро Иссык-Куль - одно из крупнейших высокогорных озер мира, известное своими чистыми водами и живописными пейзажами.','Круглый год','Бесплатно',NULL,NULL,NULL),(150,'Каракол','Горнолыжный комплекс Каракол - популярное место для зимнего отдыха и катания на лыжах и сноуборде.','Зима','Средний сегмент','+996 708 66 41 33','https://www.karakol-ski.kg/',NULL),(151,'Ала - Тоо','Аквапарк Ала-Тоо - популярное место для летнего отдыха с бассейнами и водными аттракционами.','Лето','Средний сегмент','+996 701 54 33 33','http://instagram.com/centr.otdyha.alatoo',NULL),(152,'Royal Fish','Аквапарк Royal Fish - современный аквапарк с множеством водных развлечений.','Лето','Средний сегмент','+996 555 42 70 70','https://facebook.com/royalfishakvapark',NULL),(153,'Республиканская детская библиотека имени К. Баялинова','Библиотека, предоставляющая детскую литературу и организующая различные образовательные мероприятия.','Круглый год','Бесплатно','+996 312 66 22 68','http://card.rbdu.kg/',NULL),(154,'Республиканская библиотека имени А. Осмонова','Крупная республиканская библиотека с обширным фондом книг и периодических изданий.','Круглый год','Бесплатно','+996 (312) 30‒46‒75',NULL,NULL),(155,'Центральная библиотека КТУ Манаса','Библиотека Кыргызско-Турецкого Университета Манас, предоставляющая доступ к учебной и научной литературе.','Круглый год','Бесплатно','+996 (312) 54 19 35','https://manas.edu.kg/ru/about_manas/students-library',NULL),(156,'Зообишкек','Зоопарк в Бишкеке, где можно увидеть разнообразных животных.','Круглый год','Средний сегмент','+996 556‒66‒66‒02','https://www.instagram.com/zoobishkek.kg/',NULL),(157,'Живая экзотика','Место, где можно увидеть экзотических животных и насекомых.','Круглый год','Средний сегмент','+996 312 88 23 93',NULL,NULL),(158,'KFC','Международная сеть ресторанов быстрого питания, предлагающая разнообразное меню с куриными блюдами.','Круглый год','Средний сегмент','+996 550 88 01 65','https://www.kfc.kg/',NULL),(159,'Голубой Иссык-Куль','Санаторий на берегу озера Иссык-Куль, предлагающий различные оздоровительные процедуры.','Круглый год','Средний сегмент','+996 3943 627 85','http://sun-gik.kg/',NULL),(160,'Кыргызское Взморье','Популярное место отдыха на берегу озера Иссык-Куль.','Круглый год','Средний сегмент','+996 312 90 05 03','https://www.facebook.com/1794641950763652',NULL),(161,'Санаторий Чолпон-Ата','Санаторий, предлагающий различные оздоровительные процедуры на берегу озера Иссык-Куль.','Круглый год','Средний сегмент','+996 505 581 681',NULL,NULL),(162,'Иссык-Куль Аврора','Санаторий на берегу озера Иссык-Куль, известный своими оздоровительными процедурами.','Круглый год','Средний сегмент','0312 313 188','https://www.facebook.com/aurora.kg/',NULL),(163,'Санаторий Волна','Санаторий на берегу озера Иссык-Куль, предлагающий различные оздоровительные процедуры.','Круглый год','Средний сегмент','0553478207',NULL,NULL),(164,'Ай-Кол','Санаторий на берегу озера Иссык-Куль, известный своими оздоровительными процедурами.','Круглый год','Средний сегмент','+996 312 56-30-30','https://www.facebook.com/aikol.issykkul',NULL),(165,'ЦО Каприз Иссыкуль','Центр отдыха на берегу озера Иссык-Куль, предлагающий разнообразные услуги для отдыха и оздоровления.','Круглый год','Средний сегмент','+996 312 90 51 70','http://kaprizissykkul.kg/',NULL),(166,'Санаторий Иссык-Ата','Санаторий, расположенный в живописной местности на берегу озера Иссык-Куль.','Круглый год','Средний сегмент','+996 772 27 04 07',NULL,NULL),(167,'Чон-Туз','Санаторий, предлагающий различные оздоровительные процедуры в живописной местности.','Круглый год','Средний сегмент','+996 555 22-31-88','https://chontuz.kg/',NULL),(168,'Санаторий Кыргызстан','Санаторий на берегу озера Иссык-Куль, известный своими оздоровительными процедурами.','Круглый год','Средний сегмент','+996 703 01 32 68',NULL,NULL),(169,'Пансионат Синегорье','Пансионат на берегу озера Иссык-Куль, предлагающий различные оздоровительные процедуры.','Круглый год','Средний сегмент','+996 772 32 50 01','http://sinegorie.kg/',NULL),(170,'Лагуна Сити','Отель на берегу озера Иссык-Куль, предлагающий различные услуги для отдыха и оздоровления.','Круглый год','Средний сегмент','+996 550 52 51 65','https://www.facebook.com/293264864345329',NULL);
/*!40000 ALTER TABLE `places_backup` ENABLE KEYS */;

--
-- Table structure for table `ratings`
--

DROP TABLE IF EXISTS `ratings`;
/*!40101 SET @saved_cs_client     = @@character_set_client */;
/*!50503 SET character_set_client = utf8mb4 */;
CREATE TABLE `ratings` (
  `id` int NOT NULL AUTO_INCREMENT,
  `user_id` int DEFAULT NULL,
  `place_id` int DEFAULT NULL,
  `rating` decimal(3,2) DEFAULT NULL,
  PRIMARY KEY (`id`),
  KEY `user_id` (`user_id`),
  KEY `place_id` (`place_id`),
  CONSTRAINT `ratings_ibfk_1` FOREIGN KEY (`user_id`) REFERENCES `users` (`id`),
  CONSTRAINT `ratings_ibfk_2` FOREIGN KEY (`place_id`) REFERENCES `places` (`id`)
) ENGINE=InnoDB DEFAULT CHARSET=utf8mb4 COLLATE=utf8mb4_0900_ai_ci;
/*!40101 SET character_set_client = @saved_cs_client */;

--
-- Dumping data for table `ratings`
--

/*!40000 ALTER TABLE `ratings` DISABLE KEYS */;
/*!40000 ALTER TABLE `ratings` ENABLE KEYS */;

--
-- Table structure for table `routes`
--

DROP TABLE IF EXISTS `routes`;
/*!40101 SET @saved_cs_client     = @@character_set_client */;
/*!50503 SET character_set_client = utf8mb4 */;
CREATE TABLE `routes` (
  `id` int NOT NULL AUTO_INCREMENT,
  `user_id` int DEFAULT NULL,
  `tour_company_id` int DEFAULT NULL,
  `name` varchar(255) NOT NULL,
  PRIMARY KEY (`id`),
  KEY `user_id` (`user_id`),
  KEY `tour_company_id` (`tour_company_id`),
  CONSTRAINT `routes_ibfk_1` FOREIGN KEY (`user_id`) REFERENCES `users` (`id`),
  CONSTRAINT `routes_ibfk_2` FOREIGN KEY (`tour_company_id`) REFERENCES `tour_companies` (`id`)
) ENGINE=InnoDB AUTO_INCREMENT=11 DEFAULT CHARSET=utf8mb4 COLLATE=utf8mb4_0900_ai_ci;
/*!40101 SET character_set_client = @saved_cs_client */;

--
-- Dumping data for table `routes`
--

/*!40000 ALTER TABLE `routes` DISABLE KEYS */;
INSERT INTO `routes` VALUES (1,1,1,'Youth Tour in Bishkek'),(2,2,1,'История и релаксация'),(3,3,1,'По следам Айтматова'),(4,3,1,'Современный отдых'),(5,3,1,'Вкус и искусство'),(6,4,1,'Наследие и природа'),(7,4,1,'Классика и стиль'),(8,4,1,'Городская классика'),(9,2,1,'Прогулка по природе'),(10,2,1,'Семейный отдых');
/*!40000 ALTER TABLE `routes` ENABLE KEYS */;

--
-- Table structure for table `routes_likes`
--

DROP TABLE IF EXISTS `routes_likes`;
/*!40101 SET @saved_cs_client     = @@character_set_client */;
/*!50503 SET character_set_client = utf8mb4 */;
CREATE TABLE `routes_likes` (
  `id` int NOT NULL AUTO_INCREMENT,
  `user_id` int NOT NULL,
  `routes_id` int NOT NULL,
  PRIMARY KEY (`id`),
  UNIQUE KEY `user_id` (`user_id`,`routes_id`),
  KEY `routes_id` (`routes_id`),
  CONSTRAINT `routes_likes_ibfk_1` FOREIGN KEY (`user_id`) REFERENCES `users` (`id`),
  CONSTRAINT `routes_likes_ibfk_2` FOREIGN KEY (`routes_id`) REFERENCES `routes` (`id`)
) ENGINE=InnoDB DEFAULT CHARSET=utf8mb4 COLLATE=utf8mb4_0900_ai_ci;
/*!40101 SET character_set_client = @saved_cs_client */;

--
-- Dumping data for table `routes_likes`
--

/*!40000 ALTER TABLE `routes_likes` DISABLE KEYS */;
/*!40000 ALTER TABLE `routes_likes` ENABLE KEYS */;

--
-- Table structure for table `tag_id`
--

DROP TABLE IF EXISTS `tag_id`;
/*!40101 SET @saved_cs_client     = @@character_set_client */;
/*!50503 SET character_set_client = utf8mb4 */;
CREATE TABLE `tag_id` (
  `place_id` int DEFAULT NULL,
  `tag_id` int DEFAULT NULL,
  KEY `place_id` (`place_id`),
  KEY `tag_id` (`tag_id`),
  CONSTRAINT `tag_id_ibfk_1` FOREIGN KEY (`place_id`) REFERENCES `places` (`id`),
  CONSTRAINT `tag_id_ibfk_2` FOREIGN KEY (`tag_id`) REFERENCES `tag_name` (`id`)
) ENGINE=InnoDB DEFAULT CHARSET=utf8mb4 COLLATE=utf8mb4_0900_ai_ci;
/*!40101 SET character_set_client = @saved_cs_client */;

--
-- Dumping data for table `tag_id`
--

/*!40000 ALTER TABLE `tag_id` DISABLE KEYS */;
INSERT INTO `tag_id` VALUES (1,1),(2,1),(3,1),(4,1),(5,1),(6,1),(7,1),(8,1),(9,1),(10,1),(11,2),(12,2),(13,2),(14,2),(15,2),(17,2),(18,2),(19,2),(20,2),(21,16),(22,16),(23,16),(24,16),(25,16),(26,16),(27,16),(28,16),(29,16),(30,16),(31,16),(32,16),(33,16),(34,16),(35,16),(35,4),(36,16),(37,16),(38,16),(39,16),(39,3),(40,16),(41,16),(41,17),(42,16),(42,4),(43,16),(44,16),(45,16),(46,16),(46,4),(47,24),(48,24),(49,24),(50,24),(51,24),(52,22),(52,23),(53,22),(54,22),(54,4),(55,22),(55,5),(56,22),(56,23),(57,22),(57,4),(58,22),(58,5),(59,22),(60,22),(60,17),(61,22),(61,23),(62,11),(63,11),(64,11),(65,11),(66,11),(67,11),(68,11),(69,11),(70,11),(71,11),(72,11),(73,11),(74,11),(75,11),(76,11),(77,11),(78,11),(79,11),(80,11),(81,6),(82,6),(83,6),(84,6),(85,6),(86,6),(87,6),(88,6),(89,21),(90,21),(91,21),(92,21),(93,21),(94,21),(95,21),(96,21),(97,8),(98,8),(99,8),(100,8),(101,8),(102,8),(103,8),(104,8),(105,8),(106,10),(107,10),(108,10),(109,10),(110,10),(111,10),(112,10),(113,10),(114,10),(115,10),(116,10),(117,10),(118,10),(119,10),(120,10),(47,9),(62,9),(63,9),(64,9),(65,9),(66,9),(67,9),(68,9),(69,9),(70,9),(71,9),(72,9),(73,9),(74,9),(75,9),(76,9),(77,9),(78,9),(79,9),(80,9),(52,3),(54,3),(57,3),(61,3),(41,17),(60,17),(39,3),(55,5),(55,4),(58,5),(58,4),(52,5),(54,5),(47,9),(29,4),(41,4),(43,4),(44,4),(45,4),(46,4),(36,4),(39,23),(31,23),(30,23),(47,9),(62,9),(63,9),(64,9),(65,9),(66,9),(67,9),(68,9),(69,9),(70,9),(71,9),(72,9),(73,9),(74,9),(75,9),(76,9),(77,9),(78,9),(79,9),(80,9),(120,4),(121,4),(122,4),(123,4),(124,5),(125,4),(126,4),(127,4),(128,4),(129,4),(130,4),(131,4),(132,4),(133,4),(134,4),(135,4),(136,4),(137,4),(138,4),(139,4),(140,3),(141,4),(142,4),(143,4),(144,4),(145,4),(146,4),(147,4),(148,4),(84,18),(85,18),(86,18),(88,18),(48,15),(49,15),(50,15),(51,15),(118,13),(149,24),(149,25),(150,15),(151,13),(152,13),(153,19),(154,19),(155,19),(156,12),(157,12),(158,5),(159,20),(159,14),(160,20),(160,14),(161,20),(161,14),(162,20),(162,14),(163,20),(163,14),(164,20),(164,14),(165,20),(165,14),(166,20),(167,20),(168,20),(168,14),(169,20),(169,14),(170,20),(170,14);
/*!40000 ALTER TABLE `tag_id` ENABLE KEYS */;

--
-- Table structure for table `tag_name`
--

DROP TABLE IF EXISTS `tag_name`;
/*!40101 SET @saved_cs_client     = @@character_set_client */;
/*!50503 SET character_set_client = utf8mb4 */;
CREATE TABLE `tag_name` (
  `id` int NOT NULL AUTO_INCREMENT,
  `tag_name` varchar(255) NOT NULL,
  PRIMARY KEY (`id`)
) ENGINE=InnoDB AUTO_INCREMENT=35 DEFAULT CHARSET=utf8mb4 COLLATE=utf8mb4_0900_ai_ci;
/*!40101 SET character_set_client = @saved_cs_client */;

--
-- Dumping data for table `tag_name`
--

/*!40000 ALTER TABLE `tag_name` DISABLE KEYS */;
INSERT INTO `tag_name` VALUES (1,'Отели'),(2,'Парки'),(3,'Кафе'),(4,'Рестораны'),(5,'Фастфуд'),(6,'Музеи'),(7,'Театры'),(8,'Кинотеатры'),(9,'Развлекательные центры'),(10,'Спортивные объекты'),(11,'Торговые центры'),(12,'Зоопарки'),(13,'Аквапарки'),(14,'Пляжи'),(15,'Горнолыжные курорты'),(16,'Бары'),(17,'Ночные клубы'),(18,'Исторические памятники'),(19,'Библиотеки'),(20,'Санаторий'),(21,'СПА'),(22,'Пиццерии'),(23,'Кофейни'),(24,'Природные достопримечательности'),(25,'Озёра');
/*!40000 ALTER TABLE `tag_name` ENABLE KEYS */;

--
-- Table structure for table `tour_companies`
--

DROP TABLE IF EXISTS `tour_companies`;
/*!40101 SET @saved_cs_client     = @@character_set_client */;
/*!50503 SET character_set_client = utf8mb4 */;
CREATE TABLE `tour_companies` (
  `id` int NOT NULL AUTO_INCREMENT,
  `name` varchar(255) NOT NULL,
  `contact_info` varchar(255) DEFAULT NULL,
  `website_url` varchar(255) DEFAULT NULL,
  PRIMARY KEY (`id`)
) ENGINE=InnoDB AUTO_INCREMENT=11 DEFAULT CHARSET=utf8mb4 COLLATE=utf8mb4_0900_ai_ci;
/*!40101 SET character_set_client = @saved_cs_client */;

--
-- Dumping data for table `tour_companies`
--

/*!40000 ALTER TABLE `tour_companies` DISABLE KEYS */;
INSERT INTO `tour_companies` VALUES (1,'Test Tour Company','contact_info','http://example.com'),(2,'Fun&Sun Agency','+996 221‒65‒12‒55','https://www.funsun.kg/'),(3,'ISC Event','+996 558‒39‒91‒88','https://www.instagram.com/isc.event/'),(4,'Glavtour','+996 558‒39‒83‒65','https://glavtour.kg/'),(5,'Level Travel','+996 770‒00‒46‒27','https://level.travel/'),(6,'in_tourists','+996 771-77-58-53','https://www.instagram.com/in_tourists/'),(7,'Too.kg','+996 550 689 000','https://tour.too.kg/#contact'),(8,'Ak-Sai travel','+996 312 901616','https://ak-sai.com/contact/'),(9,'Sayakat tourism','+996 558‒39‒93‒14','https://sayakat.com.kg/'),(10,'Kyrgyz-concept','+996 557 900 883','https://concept.kg/contacts/');
/*!40000 ALTER TABLE `tour_companies` ENABLE KEYS */;

--
-- Table structure for table `user_routes_ratings`
--

DROP TABLE IF EXISTS `user_routes_ratings`;
/*!40101 SET @saved_cs_client     = @@character_set_client */;
/*!50503 SET character_set_client = utf8mb4 */;
CREATE TABLE `user_routes_ratings` (
  `id` int NOT NULL AUTO_INCREMENT,
  `user_id` int NOT NULL,
  `routes_id` int NOT NULL,
  `rating` int DEFAULT NULL,
  PRIMARY KEY (`id`),
  KEY `user_id` (`user_id`),
  KEY `routes_id` (`routes_id`),
  CONSTRAINT `user_routes_ratings_ibfk_1` FOREIGN KEY (`user_id`) REFERENCES `users` (`id`),
  CONSTRAINT `user_routes_ratings_ibfk_2` FOREIGN KEY (`routes_id`) REFERENCES `routes` (`id`),
  CONSTRAINT `user_routes_ratings_chk_1` CHECK (((`rating` >= 1) and (`rating` <= 5)))
) ENGINE=InnoDB DEFAULT CHARSET=utf8mb4 COLLATE=utf8mb4_0900_ai_ci;
/*!40101 SET character_set_client = @saved_cs_client */;

--
-- Dumping data for table `user_routes_ratings`
--

/*!40000 ALTER TABLE `user_routes_ratings` DISABLE KEYS */;
/*!40000 ALTER TABLE `user_routes_ratings` ENABLE KEYS */;

--
-- Table structure for table `users`
--

DROP TABLE IF EXISTS `users`;
/*!40101 SET @saved_cs_client     = @@character_set_client */;
/*!50503 SET character_set_client = utf8mb4 */;
CREATE TABLE `users` (
  `id` int NOT NULL AUTO_INCREMENT,
  `username` varchar(255) NOT NULL,
  `email` varchar(255) NOT NULL,
  `password_hash` varchar(255) NOT NULL,
  `role` varchar(255) DEFAULT NULL,
  `created_at` timestamp NULL DEFAULT CURRENT_TIMESTAMP,
  `updated_at` timestamp NULL DEFAULT CURRENT_TIMESTAMP ON UPDATE CURRENT_TIMESTAMP,
  `last_login` date DEFAULT NULL,
  PRIMARY KEY (`id`)
) ENGINE=InnoDB AUTO_INCREMENT=5 DEFAULT CHARSET=utf8mb4 COLLATE=utf8mb4_0900_ai_ci;
/*!40101 SET character_set_client = @saved_cs_client */;

--
-- Dumping data for table `users`
--

/*!40000 ALTER TABLE `users` DISABLE KEYS */;
INSERT INTO `users` VALUES (1,'test_user','test_user@example.com','hashed_password','user','2024-07-28 14:03:22','2024-07-28 14:03:22',NULL),(2,'user1','user1@example.com','hashed_password1','user','2024-09-09 15:49:20','2024-09-09 15:49:20',NULL),(3,'user2','user2@example.com','hashed_password2','admin','2024-09-09 15:49:20','2024-09-09 15:49:20',NULL),(4,'user3','user3@example.com','hashed_password3','user','2024-09-09 15:49:20','2024-09-09 15:49:20',NULL);
/*!40000 ALTER TABLE `users` ENABLE KEYS */;
/*!40103 SET TIME_ZONE=@OLD_TIME_ZONE */;

/*!40101 SET SQL_MODE=@OLD_SQL_MODE */;
/*!40014 SET FOREIGN_KEY_CHECKS=@OLD_FOREIGN_KEY_CHECKS */;
/*!40014 SET UNIQUE_CHECKS=@OLD_UNIQUE_CHECKS */;
/*!40101 SET CHARACTER_SET_CLIENT=@OLD_CHARACTER_SET_CLIENT */;
/*!40101 SET CHARACTER_SET_RESULTS=@OLD_CHARACTER_SET_RESULTS */;
/*!40101 SET COLLATION_CONNECTION=@OLD_COLLATION_CONNECTION */;
/*!40111 SET SQL_NOTES=@OLD_SQL_NOTES */;

-- Dump completed on 2024-09-13 21:00:06
